序号,model_sample_size,qp,cp,bs,n_trials,n_question,准确性,平均reward,answer_tokens,total_tokens,mean_eflops,访存量
1,aime_Qwen3-4B_S4,4,16,4,1,60,0.2833333333333333,0.7077596340594433,74388,1078168,123237517213056.0,749461897472.0
2,aime_Qwen3-4B_S4,4,16,4,1,60,0.2833333333333333,0.7065779490170202,75563,1107447,123237517213056.0,749461897472.0
3,aime_Qwen3-4B_S4,4,16,4,1,60,0.2833333333333333,0.7060501777189787,75652,1075729,123237517213056.0,749461897472.0
4,aime_Qwen3-4B_S2,4,16,4,1,60,0.2,0.6591757483676489,76341,597878,104760154272878.94,647914322491.7333
5,aime_Qwen3-4B_S2,4,16,4,1,60,0.21666666666666667,0.6579869678414,74160,548911,99745691345561.6,615875890201.6
6,aime_Qwen3-4B_S2,4,16,4,1,60,0.23333333333333334,0.6416106553317525,82229,642908,101546960512503.47,627410027929.6
7,aime_Qwen3-4B_S1,4,16,4,1,60,0.15,0.5707692290585681,89219,359048,87337385164706.14,544514311458.13336
8,aime_Qwen3-4B_S1,4,16,4,1,60,0.2,0.6075823078777749,81488,327488,86223033969732.27,537447682952.5333
9,aime_Qwen3-4B_S1,4,16,4,1,60,0.1,0.5604903851554854,87383,352086,88175404029866.67,549846646109.8667
10,aime_Qwen3-1.7B_S2,2,32,4,1,60,0.11666666666666667,0.6927140988126602,57778,469677,40822067636970.664,238721617373.86667
11,aime_Qwen3-1.7B_S2,2,32,4,1,60,0.11666666666666667,0.6929114544160722,59572,464100,40822067636970.664,238721617373.86667
12,aime_Qwen3-1.7B_S2,2,32,4,1,60,0.11666666666666667,0.6957922157085967,57965,474409,40822067636970.664,238721617373.86667
13,aime_Qwen3-1.7B_S1,2,32,4,1,60,0.11666666666666667,0.5995767764851855,62042,247762,33490203132616.535,199487779067.73334
14,aime_Qwen3-1.7B_S1,2,32,4,1,60,0.08333333333333333,0.6099481699000792,62623,253088,32770792942899.2,194927872264.53333
15,aime_Qwen3-1.7B_S1,2,32,4,1,60,0.08333333333333333,0.6299670659711347,61516,248437,34021757114897.066,202856606011.73334
16,aime_Qwen3-14B_S8,8,8,2,1,60,0.3,0.7083749504761522,83740,1164644,465906966475827.2,2828428659626.6665
17,aime_Qwen3-14B_S8,8,8,2,1,60,0.3,0.6950502477488526,85311,1120838,465906966475827.2,2828428659626.6665
18,aime_Qwen3-14B_S8,8,8,2,1,60,0.3,0.6954020009663734,84230,1123803,465906966475827.2,2828428659626.6665
19,aime_Qwen3-14B_S4,8,8,2,1,60,0.23333333333333334,0.6356138090556027,83881,613490,421108957908731.75,2606344547434.6665
20,aime_Qwen3-14B_S4,8,8,2,1,60,0.26666666666666666,0.6587616099544747,86773,624735,406125289465002.7,2509924596817.067
21,aime_Qwen3-14B_S4,8,8,2,1,60,0.26666666666666666,0.6745575194808903,87346,591168,419978891231893.3,2598487936098.1333
22,aime_Qwen3-14B_S2,8,8,2,1,60,0.23333333333333334,0.6029398456091454,83124,319417,347991114732881.06,2171689566323.2
23,aime_Qwen3-14B_S2,8,8,2,1,60,0.25,0.6252489144522324,88180,332895,347393109077376.0,2167771376371.2
24,aime_Qwen3-14B_S2,8,8,2,1,60,0.23333333333333334,0.6209798254780706,82861,309410,355880550962547.2,2220265178432.0
25,aime_Qwen3-14B_S1,8,8,2,1,60,0.18333333333333332,0.5964148571857281,91672,184141,314647732162107.75,1971771191611.7334
26,aime_Qwen3-14B_S1,8,8,2,1,60,0.2,0.5339273392804134,93815,187970,312042598603686.4,1955336657591.4666
27,aime_Qwen3-14B_S1,8,8,2,1,60,0.2,0.5363460844509634,90294,179356,330567320809830.4,2073219256814.9333
28,aime_Qwen3-1.7B_S1,1,64,4,1,60,0.11666666666666667,0.5891129690473818,63355,252983,34146835134839.465,203649659554.13333
29,aime_Qwen3-1.7B_S1,1,64,4,1,60,0.11666666666666667,0.5891129690473818,63355,252983,34146835134839.465,203649659554.13333
30,aime_Qwen3-1.7B_S1,1,64,4,1,60,0.11666666666666667,0.5891129690473818,63355,252983,34146835134839.465,203649659554.13333
31,aime_Qwen3-32B_S2,2,32,4,1,60,0.21666666666666667,0.7029600361776471,78667,598706,506911117859950.94,3154931603703.467
32,aime_Qwen3-32B_S2,2,32,4,1,60,0.21666666666666667,0.7032669206869391,81472,608858,506911117859950.94,3154931603703.467
33,aime_Qwen3-32B_S2,2,32,4,1,60,0.21666666666666667,0.7009311803816074,81513,597236,506911117859950.94,3154931603703.467
34,aime_Qwen3-32B_S1,2,32,4,1,60,0.16666666666666666,0.6226203044222794,81947,327984,423035724015633.06,2635683824221.8667
35,aime_Qwen3-32B_S1,2,32,4,1,60,0.16666666666666666,0.6135790463431966,84277,337387,438345323444582.4,2733079291008.0
36,aime_Qwen3-32B_S1,2,32,4,1,60,0.2,0.6232518130259556,81783,327162,426831532783752.56,2659802070664.533
37,aime_Qwen3-4B_S1,1,64,4,1,60,0.13333333333333333,0.6333694691045452,75147,300670,83005007667387.73,517476951987.2
38,aime_Qwen3-4B_S1,1,64,4,1,60,0.13333333333333333,0.6333694691045452,75147,300670,83005007667387.73,517476951987.2
39,aime_Qwen3-4B_S1,1,64,4,1,60,0.13333333333333333,0.6333694691045452,75147,300670,83005007667387.73,517476951987.2
40,aime_Qwen3-14B_S32,32,2,1,1,60,0.43333333333333335,0.6693381515431812,81415,1601505,4797009567413794.0,29445298116091.734
41,aime_Qwen3-14B_S32,32,2,1,1,60,0.43333333333333335,0.6885885823237536,80954,1640733,4797009567413794.0,29445298116091.734
42,aime_Qwen3-14B_S32,32,2,1,1,60,0.43333333333333335,0.67921832623743,81787,1656254,4797009567413794.0,29445298116091.734
43,aime_Qwen3-14B_S16,32,2,1,1,60,0.36666666666666664,0.6663641933861798,79112,944596,3260841252470255.0,20227172377745.066
44,aime_Qwen3-14B_S16,32,2,1,1,60,0.3333333333333333,0.6629217907930178,80539,975346,3452856717723025.0,21455554999342.934
45,aime_Qwen3-14B_S16,32,2,1,1,60,0.36666666666666664,0.6588561425735953,81074,884726,3768435765426803.0,23399026654301.867
46,aime_Qwen3-14B_S8,32,2,1,1,60,0.2833333333333333,0.615801819949612,84391,506359,2654715164084770.0,16652176039432.533
47,aime_Qwen3-14B_S8,32,2,1,1,60,0.31666666666666665,0.6304861001603268,80533,476380,2357799903392960.0,14770545129536.0
48,aime_Qwen3-14B_S8,32,2,1,1,60,0.31666666666666665,0.6335506025741228,78962,500862,2805827542934310.5,17621380658001.066
49,aime_Qwen3-14B_S4,32,2,1,1,60,0.25,0.5676800797148424,74878,250209,1477639005666931.2,9279181620663.467
50,aime_Qwen3-14B_S4,32,2,1,1,60,0.2833333333333333,0.565709526718575,76437,257471,1711925584863057.0,10761983809365.334
51,aime_Qwen3-14B_S4,32,2,1,1,60,0.26666666666666666,0.5798259864847429,70155,253796,1503795031775970.2,9446610394346.666
52,aime_Qwen3-14B_S2,32,2,1,1,60,0.26666666666666666,0.497911455987689,80659,154993,953359886467302.4,5991144621721.6
53,aime_Qwen3-14B_S2,32,2,1,1,60,0.2,0.5291913464433993,81686,138018,1112920668636693.4,7003125714329.6
54,aime_Qwen3-14B_S2,32,2,1,1,60,0.23333333333333334,0.5376502397999371,83525,143785,1034149516848738.1,6498450416221.866
55,aime_Qwen3-14B_S1,32,2,1,1,60,0.08333333333333333,0.46301450026536933,70712,70712,580759807961497.6,3637777901405.8667
56,aime_Qwen3-14B_S1,32,2,1,1,60,0.13333333333333333,0.4229151640451515,85311,85311,747472711418756.2,4698722903547.733
57,aime_Qwen3-14B_S1,32,2,1,1,60,0.15,0.45628716253257945,81528,81528,1025909279060876.8,6470759737228.8
58,aime_Qwen3-32B_S8,8,8,2,1,60,0.3333333333333333,0.7292628557225755,83400,1112243,892296955797580.8,5494909877538.134
59,aime_Qwen3-32B_S8,8,8,2,1,60,0.3333333333333333,0.7132467259875489,82205,1061288,892296955797580.8,5494909877538.134
60,aime_Qwen3-32B_S8,8,8,2,1,60,0.3333333333333333,0.7291805337072059,81454,1065379,892296955797580.8,5494909877538.134
61,aime_Qwen3-32B_S4,8,8,2,1,60,0.3333333333333333,0.6892857397702563,87093,583332,717693673342540.8,4461867326344.533
62,aime_Qwen3-32B_S4,8,8,2,1,60,0.25,0.7058040658983757,83019,597233,696037912195694.9,4320156138547.2
63,aime_Qwen3-32B_S4,8,8,2,1,60,0.3,0.6907611165928776,87397,580886,731831926727645.9,4549498269303.467
64,aime_Qwen3-32B_S2,8,8,2,1,60,0.2833333333333333,0.6410456057423872,79792,321355,594221706640597.4,3709123714449.067
65,aime_Qwen3-32B_S2,8,8,2,1,60,0.18333333333333332,0.6426317793204055,83236,327937,598555937498897.1,3736767487342.933
66,aime_Qwen3-32B_S2,8,8,2,1,60,0.2833333333333333,0.6229486485400259,87813,316130,584931226773939.2,3652184196855.467
67,aime_Qwen3-32B_S1,8,8,2,1,60,0.18333333333333332,0.5657587384650997,85583,171279,443099598132650.7,2763488352290.1333
68,aime_Qwen3-32B_S1,8,8,2,1,60,0.21666666666666667,0.557600597517209,85196,170468,413997483975168.0,2577969182353.067
69,aime_Qwen3-32B_S1,8,8,2,1,60,0.16666666666666666,0.5488192511545997,85495,170857,421048932023296.0,2622832578645.3335
70,aime_Qwen3-0.6B_S2,2,32,4,1,60,0.06666666666666667,0.4965580283848022,30086,213608,28231614343014.4,162208848452.26666
71,aime_Qwen3-0.6B_S2,2,32,4,1,60,0.06666666666666667,0.49546003360941615,30477,214967,28231614343014.4,162208848452.26666
72,aime_Qwen3-0.6B_S2,2,32,4,1,60,0.06666666666666667,0.49546003360941615,30348,216743,28231614343014.4,162208848452.26666
73,aime_Qwen3-0.6B_S1,2,32,4,1,60,0.06666666666666667,0.42214792469905105,28442,111378,20856595670041.6,122987712785.06667
74,aime_Qwen3-0.6B_S1,2,32,4,1,60,0.05,0.40403012741595673,28429,109812,22948877246890.668,136141496012.8
75,aime_Qwen3-0.6B_S1,2,32,4,1,60,0.05,0.4217816311340931,28531,111403,23032696124851.2,136668498602.66667
76,aime_Qwen3-1.7B_S16,16,4,2,1,60,0.23333333333333334,0.7238814638389742,67672,1851235,83441215033314.14,399847535808.0
77,aime_Qwen3-1.7B_S16,16,4,2,1,60,0.23333333333333334,0.7077118326482436,70890,1826285,83441215033314.14,399847535808.0
78,aime_Qwen3-1.7B_S16,16,4,2,1,60,0.23333333333333334,0.7216182225542099,69185,1836599,83441215033314.14,399847535808.0
79,aime_Qwen3-1.7B_S8,16,4,2,1,60,0.18333333333333332,0.6756654778016624,66691,947690,59703983311018.664,312613283165.86664
80,aime_Qwen3-1.7B_S8,16,4,2,1,60,0.16666666666666666,0.6598459615893748,69983,971473,64096031169318.4,338972027101.86664
81,aime_Qwen3-1.7B_S8,16,4,2,1,60,0.21666666666666667,0.6685845956997053,71121,938646,63685036896678.4,337084889075.2
82,aime_Qwen3-1.7B_S4,16,4,2,1,60,0.18333333333333332,0.6080880573569268,75216,503490,51104595455901.87,288376717350.4
83,aime_Qwen3-1.7B_S4,16,4,2,1,60,0.16666666666666666,0.6416181152192031,68060,510247,47361702374336.0,264545194696.53333
84,aime_Qwen3-1.7B_S4,16,4,2,1,60,0.11666666666666667,0.6065950279952848,69886,515854,47403788898457.6,264527344196.26666
85,aime_Qwen3-1.7B_S2,16,4,2,1,60,0.13333333333333333,0.5932517020738696,74436,273370,37076443749512.53,214763570261.33334
86,aime_Qwen3-1.7B_S2,16,4,2,1,60,0.13333333333333333,0.5776250750267984,73389,265474,41843790596876.8,244715905518.93332
87,aime_Qwen3-1.7B_S2,16,4,2,1,60,0.15,0.5162397790981903,72318,266339,43065132899861.336,252283754120.53333
88,aime_Qwen3-1.7B_S1,16,4,2,1,60,0.05,0.46643350594172356,65124,130463,35390866667101.87,210935390907.73334
89,aime_Qwen3-1.7B_S1,16,4,2,1,60,0.11666666666666667,0.4982857270900431,66624,133957,32402154878165.332,192499392392.53333
90,aime_Qwen3-1.7B_S1,16,4,2,1,60,0.06666666666666667,0.4894971092287386,69459,136251,34791183733644.8,207501906035.2
91,aime_Qwen3-8B_S8,8,8,2,1,60,0.2833333333333333,0.698228168068732,84685,1224353,254303047724680.53,1532312299878.4
92,aime_Qwen3-8B_S8,8,8,2,1,60,0.2833333333333333,0.7049892960334252,83136,1196822,254303047724680.53,1532312299878.4
93,aime_Qwen3-8B_S8,8,8,2,1,60,0.2833333333333333,0.7086749781154135,83328,1177836,254303047724680.53,1532312299878.4
94,aime_Qwen3-8B_S4,8,8,2,1,60,0.26666666666666666,0.646620665513021,91063,634504,215483155241288.53,1324915988544.0
95,aime_Qwen3-8B_S4,8,8,2,1,60,0.25,0.6429927998930225,88805,653589,217473536415624.53,1337229421542.4
96,aime_Qwen3-8B_S4,8,8,2,1,60,0.25,0.6764188220941633,85167,626882,219823769896789.34,1353107890530.1333
97,aime_Qwen3-8B_S2,8,8,2,1,60,0.2,0.6288857765593711,85534,332676,173361113847573.34,1076799454587.7333
98,aime_Qwen3-8B_S2,8,8,2,1,60,0.23333333333333334,0.6309831799294069,86520,332822,183225393299665.06,1139636579626.6667
99,aime_Qwen3-8B_S2,8,8,2,1,60,0.2,0.6219692756476689,89812,347968,195300381194316.8,1216488570909.8667
100,aime_Qwen3-8B_S1,8,8,2,1,60,0.2,0.5499283004011347,92031,183975,145089730262929.06,905800098116.2667
101,aime_Qwen3-8B_S1,8,8,2,1,60,0.18333333333333332,0.5463490188150837,91626,183964,137784492924407.47,859314030276.2667
102,aime_Qwen3-8B_S1,8,8,2,1,60,0.16666666666666666,0.5310581605271993,93684,187355,139689274214758.4,871383243485.8667
103,aime_Qwen3-14B_S2,2,32,4,1,60,0.23333333333333334,0.6656392312558381,64379,450924,1104876123264755.2,6955851471360.0
104,aime_Qwen3-14B_S2,2,32,4,1,60,0.23333333333333334,0.6650707934231325,64592,438881,1104876123264755.2,6955851471360.0
105,aime_Qwen3-14B_S2,2,32,4,1,60,0.23333333333333334,0.6635296651037683,64309,433335,1104876123264755.2,6955851471360.0
106,aime_Qwen3-14B_S1,2,32,4,1,60,0.15,0.5723572649066285,64421,242390,590206338225271.5,3697814833211.7334
107,aime_Qwen3-14B_S1,2,32,4,1,60,0.11666666666666667,0.5861319081402162,64680,245624,776133951965260.8,4881134123315.2
108,aime_Qwen3-14B_S1,2,32,4,1,60,0.13333333333333333,0.5500754034191809,55946,210699,885110379035746.1,5574701947916.8
109,aime_Qwen3-0.6B_S4,4,16,4,1,60,0.08333333333333333,0.5344101610627976,36236,455563,38090316608290.13,209089472921.6
110,aime_Qwen3-0.6B_S4,4,16,4,1,60,0.08333333333333333,0.5353895282827653,34665,463691,38090316608290.13,209089472921.6
111,aime_Qwen3-0.6B_S4,4,16,4,1,60,0.08333333333333333,0.5352109966145016,35911,462460,38090316608290.13,209089472921.6
112,aime_Qwen3-0.6B_S2,4,16,4,1,60,0.06666666666666667,0.490676005784549,35607,255568,26756127418888.535,152815050752.0
113,aime_Qwen3-0.6B_S2,4,16,4,1,60,0.06666666666666667,0.47660869767611735,34113,249220,31029393352012.8,179707523618.13333
114,aime_Qwen3-0.6B_S2,4,16,4,1,60,0.08333333333333333,0.46417817509122855,31264,222450,28361993553075.2,163005731976.53333
115,aime_Qwen3-0.6B_S1,4,16,4,1,60,0.03333333333333333,0.4219326529267974,29131,114821,24572172320093.867,146346397081.6
116,aime_Qwen3-0.6B_S1,4,16,4,1,60,0.06666666666666667,0.40940340195357244,27923,110954,21120167610240.0,124644607522.13333
117,aime_Qwen3-0.6B_S1,4,16,4,1,60,0.05,0.398220523171729,30603,117917,19670439159543.465,115530385749.33333
118,aime_Qwen3-14B_S1,1,64,4,1,60,0.15,0.603081491673505,53100,205083,928450704553753.6,5850521721309.866
119,aime_Qwen3-14B_S1,1,64,4,1,60,0.15,0.603081491673505,53100,205083,928450704553753.6,5850521721309.866
120,aime_Qwen3-14B_S1,1,64,4,1,60,0.15,0.603081491673505,53100,205083,928450704553753.6,5850521721309.866
121,aime_Qwen3-0.6B_S64,64,1,1,1,60,0.016666666666666666,0.20210805028850745,14745,88154,612612756503987.2,1906402860288.0
122,aime_Qwen3-0.6B_S64,64,1,1,1,60,0.016666666666666666,0.20210805028850745,14008,88154,612612756503987.2,1906402860288.0
123,aime_Qwen3-0.6B_S64,64,1,1,1,60,0.016666666666666666,0.20210805028850745,13933,87963,612612756503987.2,1906402860288.0
124,aime_Qwen3-0.6B_S32,64,1,1,1,60,0.016666666666666666,0.17958111849651945,14456,64294,431671668596445.9,1574352640571.7334
125,aime_Qwen3-0.6B_S32,64,1,1,1,60,0.016666666666666666,0.18206444334127475,11431,60304,405619586916454.4,1484816691353.6
126,aime_Qwen3-0.6B_S32,64,1,1,1,60,0.016666666666666666,0.18924240663357553,12717,65361,423368439032524.8,1532419887803.7334
127,aime_Qwen3-0.6B_S16,64,1,1,1,60,0.0,0.21060121651268482,15542,71444,333077776190873.6,1386854665992.5334
128,aime_Qwen3-0.6B_S16,64,1,1,1,60,0.016666666666666666,0.1632016230890972,12261,56151,309805538999927.44,1300979628134.4
129,aime_Qwen3-0.6B_S16,64,1,1,1,60,0.0,0.164379990220648,15094,65543,318259349235140.25,1308756277563.7334
130,aime_Qwen3-0.6B_S8,64,1,1,1,60,0.016666666666666666,0.16354983217128136,14523,48807,233082270741282.12,1081493127517.8667
131,aime_Qwen3-0.6B_S8,64,1,1,1,60,0.0,0.14569788173863554,17108,50189,263092188094293.34,1234575907191.4666
132,aime_Qwen3-0.6B_S8,64,1,1,1,60,0.016666666666666666,0.1808070473684454,14554,42240,237362302546969.6,1110322139451.7334
133,aime_Qwen3-0.6B_S4,64,1,1,1,60,0.03333333333333333,0.18613249773601248,16659,35397,216329634526830.94,1109692970487.4666
134,aime_Qwen3-0.6B_S4,64,1,1,1,60,0.0,0.15431074565003206,16338,36787,206249546092646.4,1053459575458.1333
135,aime_Qwen3-0.6B_S4,64,1,1,1,60,0.0,0.13054835989087313,19148,41934,208347596327466.66,1056291792759.4667
136,aime_Qwen3-0.6B_S2,64,1,1,1,60,0.0,0.13698425383917454,20029,29432,160496113551530.66,869306736366.9333
137,aime_Qwen3-0.6B_S2,64,1,1,1,60,0.0,0.14871243071472942,20423,29588,172325919926877.88,924659298474.6666
138,aime_Qwen3-0.6B_S2,64,1,1,1,60,0.016666666666666666,0.14381164435552496,19440,29937,158830177294054.4,863052680772.2667
139,aime_Qwen3-0.6B_S1,64,1,1,1,60,0.0,0.11710139868676105,27446,27446,137094310277828.27,758694518391.4667
140,aime_Qwen3-0.6B_S1,64,1,1,1,60,0.0,0.13293349944882243,27972,27972,141254791994444.8,776796727620.2667
141,aime_Qwen3-0.6B_S1,64,1,1,1,60,0.0,0.1264491406010125,25117,25117,129748981476061.86,713789467613.8667
142,aime_Qwen3-1.7B_S32,32,2,1,1,60,0.21666666666666667,0.6908665171740388,66762,1824710,118382958936823.47,494711615552.0
143,aime_Qwen3-1.7B_S32,32,2,1,1,60,0.21666666666666667,0.68902413725768,62821,1808851,118382958936823.47,494711615552.0
144,aime_Qwen3-1.7B_S32,32,2,1,1,60,0.21666666666666667,0.6929597346896077,65476,1840033,118382958936823.47,494711615552.0
145,aime_Qwen3-1.7B_S16,32,2,1,1,60,0.2,0.6519275906019514,67180,931607,86563234142246.4,417600639859.2
146,aime_Qwen3-1.7B_S16,32,2,1,1,60,0.2,0.6548790688376097,67113,929296,86732165278647.47,419172337024.0
147,aime_Qwen3-1.7B_S16,32,2,1,1,60,0.2,0.6447214982077347,65784,922833,86944901773960.53,421623167287.4667
148,aime_Qwen3-1.7B_S8,32,2,1,1,60,0.16666666666666666,0.6094439861670383,66676,474439,64295488797478.4,340045675857.06665
149,aime_Qwen3-1.7B_S8,32,2,1,1,60,0.15,0.619988010102336,65336,491436,65299922493896.53,346596587217.06665
150,aime_Qwen3-1.7B_S8,32,2,1,1,60,0.16666666666666666,0.6070068354635972,65054,498131,61090879838852.266,319924703705.6
151,aime_Qwen3-1.7B_S4,32,2,1,1,60,0.08333333333333333,0.5436195386338845,65231,258068,52415191930722.13,295724512085.3333
152,aime_Qwen3-1.7B_S4,32,2,1,1,60,0.11666666666666667,0.5174877727836866,65551,262167,50230296420923.734,282296398062.93335
153,aime_Qwen3-1.7B_S4,32,2,1,1,60,0.18333333333333332,0.5487111627914716,67666,249134,50946358154286.93,286401909277.86664
154,aime_Qwen3-1.7B_S2,32,2,1,1,60,0.05,0.4633782723486949,66022,126369,40374495645418.664,235088971592.53333
155,aime_Qwen3-1.7B_S2,32,2,1,1,60,0.06666666666666667,0.4770425688960095,69545,135509,37482368108983.47,216612857753.6
156,aime_Qwen3-1.7B_S2,32,2,1,1,60,0.05,0.47121688718712884,72187,135783,40715520605431.47,237359325623.46667
157,aime_Qwen3-1.7B_S1,32,2,1,1,60,0.05,0.3677720362926742,69992,69992,31167381670626.133,184558833028.26666
158,aime_Qwen3-1.7B_S1,32,2,1,1,60,0.03333333333333333,0.3412894288144458,64558,64558,31931271976635.734,189316273664.0
159,aime_Qwen3-1.7B_S1,32,2,1,1,60,0.03333333333333333,0.37209248790858557,68998,68998,31406746214830.934,185966958493.86667
160,aime_Qwen3-32B_S16,16,4,2,1,60,0.35,0.7341773450204104,72323,1612146,2056582754956603.8,12403523896422.4
161,aime_Qwen3-32B_S16,16,4,2,1,60,0.35,0.7392792766621977,69912,1580288,2056582754956603.8,12403523896422.4
162,aime_Qwen3-32B_S16,16,4,2,1,60,0.35,0.7239548297145372,71448,1596350,2056582754956603.8,12403523896422.4
163,aime_Qwen3-32B_S8,16,4,2,1,60,0.3333333333333333,0.6907690537713229,70731,828865,1606137695492232.5,9844546454715.732
164,aime_Qwen3-32B_S8,16,4,2,1,60,0.2833333333333333,0.7149755949230526,70418,866221,1657574331765905.0,10168122235101.867
165,aime_Qwen3-32B_S8,16,4,2,1,60,0.3,0.694734386489149,68408,881673,1723849017279018.8,10594181304029.867
166,aime_Qwen3-32B_S4,16,4,2,1,60,0.23333333333333334,0.6660473135851313,73199,475928,1278071801672362.8,7909965219276.8
167,aime_Qwen3-32B_S4,16,4,2,1,60,0.2833333333333333,0.6547993742944033,71425,469360,1357515498193297.0,8420805438259.2
168,aime_Qwen3-32B_S4,16,4,2,1,60,0.25,0.6833786960391913,73419,481384,1424863509461743.0,8843772474606.934
169,aime_Qwen3-32B_S2,16,4,2,1,60,0.21666666666666667,0.6596518934178243,69879,255027,1052012568224187.8,6545659593710.934
170,aime_Qwen3-32B_S2,16,4,2,1,60,0.21666666666666667,0.5808239992893323,65546,251827,1268041866389435.8,7919237590971.733
171,aime_Qwen3-32B_S2,16,4,2,1,60,0.25,0.6431314957649565,65221,267950,1164721772255112.5,7257918634274.134
172,aime_Qwen3-32B_S1,16,4,2,1,60,0.15,0.551050208830526,73028,146205,871852916107255.5,5427846526933.333
173,aime_Qwen3-32B_S1,16,4,2,1,60,0.15,0.5571346707525192,74363,148553,1018762728616226.1,6363290752853.333
174,aime_Qwen3-32B_S1,16,4,2,1,60,0.18333333333333332,0.5820249072892936,68356,136547,947959936105659.8,5912495703278.934
175,aime_Qwen3-14B_S64,64,1,1,1,60,0.06666666666666667,0.3879261813769396,44445,122746,1.4939899740064998e+16,86944308177203.2
176,aime_Qwen3-14B_S64,64,1,1,1,60,0.06666666666666667,0.3860469093504927,43883,124827,1.4939899740064998e+16,86944308177203.2
177,aime_Qwen3-14B_S64,64,1,1,1,60,0.06666666666666667,0.3737360727433644,44130,124857,1.4939899740064998e+16,86944308177203.2
178,aime_Qwen3-14B_S32,64,1,1,1,60,0.03333333333333333,0.3574198086883897,44056,96535,1.2710673261174686e+16,76188768780689.06
179,aime_Qwen3-14B_S32,64,1,1,1,60,0.08333333333333333,0.3809820025850846,38675,95268,1.2466897448139806e+16,74741718242073.6
180,aime_Qwen3-14B_S32,64,1,1,1,60,0.03333333333333333,0.3663912280814566,42691,113132,1.282112520810042e+16,76993553568473.6
181,aime_Qwen3-14B_S16,64,1,1,1,60,0.06666666666666667,0.38297998921477266,45687,89943,1.1331006239714134e+16,69219873047419.734
182,aime_Qwen3-14B_S16,64,1,1,1,60,0.05,0.34404469784280534,44500,80408,1.0487042933755246e+16,63843488920401.07
183,aime_Qwen3-14B_S16,64,1,1,1,60,0.06666666666666667,0.33555544470341214,46588,101467,1.2410099686097574e+16,75656469041591.47
184,aime_Qwen3-14B_S8,64,1,1,1,60,0.08333333333333333,0.3670093321914372,44951,83058,9873145045495924.0,61229321739328.0
185,aime_Qwen3-14B_S8,64,1,1,1,60,0.08333333333333333,0.3681698901294293,44791,77959,9796207451522292.0,60647771162355.2
186,aime_Qwen3-14B_S8,64,1,1,1,60,0.08333333333333333,0.37435983900227887,47389,80250,9978983053575116.0,61745648902182.4
187,aime_Qwen3-14B_S4,64,1,1,1,60,0.08333333333333333,0.3362324042323307,50335,83074,9480754972705250.0,59243865405781.336
188,aime_Qwen3-14B_S4,64,1,1,1,60,0.05,0.3534677657428034,59322,86294,9130832765200584.0,57021040312209.07
189,aime_Qwen3-14B_S4,64,1,1,1,60,0.05,0.3548202980598815,53149,86553,9510708910834602.0,59418758370231.47
190,aime_Qwen3-14B_S2,64,1,1,1,60,0.11666666666666667,0.41860937257647335,74432,91631,8886890276827814.0,55762857384524.8
191,aime_Qwen3-14B_S2,64,1,1,1,60,0.15,0.3860427651664068,70450,87661,8562367351144162.0,53706819856055.47
192,aime_Qwen3-14B_S2,64,1,1,1,60,0.08333333333333333,0.3895875981149277,75609,94421,9002794199274377.0,56454027054899.2
193,aime_Qwen3-14B_S1,64,1,1,1,60,0.13333333333333333,0.39919168702720415,84119,84119,7077814725099230.0,44588019825152.0
194,aime_Qwen3-14B_S1,64,1,1,1,60,0.15,0.37558422462281266,88889,88889,7336789101063706.0,46213725080883.2
195,aime_Qwen3-14B_S1,64,1,1,1,60,0.08333333333333333,0.4125240641667648,83399,83399,7247433749999735.0,45556997859276.8
196,aime_Qwen3-8B_S16,16,4,2,1,60,0.3333333333333333,0.7175549826805401,91337,2205980,395881242365657.6,2324008134924.8
197,aime_Qwen3-8B_S16,16,4,2,1,60,0.3333333333333333,0.7271383462983929,89350,2230096,395881242365657.6,2324008134924.8
198,aime_Qwen3-8B_S16,16,4,2,1,60,0.3333333333333333,0.6994745669377849,86285,2250483,395881242365657.6,2324008134924.8
199,aime_Qwen3-8B_S8,16,4,2,1,60,0.2833333333333333,0.6775939199520737,89535,1179105,331257167774182.4,2011019821384.5334
200,aime_Qwen3-8B_S8,16,4,2,1,60,0.3,0.6733587684648688,86286,1160768,326026997666056.56,1974321591590.4
201,aime_Qwen3-8B_S8,16,4,2,1,60,0.3333333333333333,0.6844792988380615,84334,1145442,340805959377527.44,2070635664469.3333
202,aime_Qwen3-8B_S4,16,4,2,1,60,0.21666666666666667,0.6454181505998675,90324,645892,304027884649510.4,1882809011716.2666
203,aime_Qwen3-8B_S4,16,4,2,1,60,0.25,0.6700140533264664,94459,643649,264213975602564.28,1628105302331.7334
204,aime_Qwen3-8B_S4,16,4,2,1,60,0.26666666666666666,0.6281213051582115,89116,619238,280369690999684.28,1732312189303.4666
205,aime_Qwen3-8B_S2,16,4,2,1,60,0.21666666666666667,0.5606068871805904,95403,351576,235713823108548.28,1471147861751.4666
206,aime_Qwen3-8B_S2,16,4,2,1,60,0.25,0.6132707560704961,98754,349301,233063251444672.0,1453553287756.8
207,aime_Qwen3-8B_S2,16,4,2,1,60,0.23333333333333334,0.5808663699449684,90173,350751,219137870483630.94,1365143501563.7334
208,aime_Qwen3-8B_S1,16,4,2,1,60,0.18333333333333332,0.5154643357158998,96774,193631,163860177208917.34,1023979538628.2667
209,aime_Qwen3-8B_S1,16,4,2,1,60,0.16666666666666666,0.531353782550598,95075,190441,187455890899541.34,1174028789410.1333
210,aime_Qwen3-8B_S1,16,4,2,1,60,0.15,0.5078158533241807,101365,202615,181278179323494.4,1134390958813.8667
211,aime_Qwen3-4B_S16,16,4,2,1,60,0.3,0.7195161235281339,75714,1960931,201005527897736.53,1132502845806.9333
212,aime_Qwen3-4B_S16,16,4,2,1,60,0.3,0.7374062092741845,76284,1992070,201005527897736.53,1132502845806.9333
213,aime_Qwen3-4B_S16,16,4,2,1,60,0.3,0.7284949182063467,75661,1973798,201005527897736.53,1132502845806.9333
214,aime_Qwen3-4B_S8,16,4,2,1,60,0.26666666666666666,0.6967516621418961,75835,1067088,167155599024401.06,990756901956.2667
215,aime_Qwen3-4B_S8,16,4,2,1,60,0.2833333333333333,0.6707278663946039,76119,1047182,171858550886331.72,1018642850227.2
216,aime_Qwen3-4B_S8,16,4,2,1,60,0.2833333333333333,0.6860162963495205,74825,1050136,161666585540437.34,955777780957.8667
217,aime_Qwen3-4B_S4,16,4,2,1,60,0.21666666666666667,0.6542874963263299,79728,602073,128377479955848.53,780578569386.6666
218,aime_Qwen3-4B_S4,16,4,2,1,60,0.23333333333333334,0.6720102054784909,77072,573812,143724970654011.72,877027728187.7333
219,aime_Qwen3-4B_S4,16,4,2,1,60,0.2,0.6428995432855789,76739,597848,133293056243413.33,810277952213.3334
220,aime_Qwen3-4B_S2,16,4,2,1,60,0.18333333333333332,0.6085375422370461,77162,297127,109867110060868.27,679561219891.2
221,aime_Qwen3-4B_S2,16,4,2,1,60,0.18333333333333332,0.5686195399243575,81109,303117,114009343039530.67,705010510438.4
222,aime_Qwen3-4B_S2,16,4,2,1,60,0.16666666666666666,0.565534971043646,87526,325396,109574152284288.0,676817183641.6
223,aime_Qwen3-4B_S1,16,4,2,1,60,0.13333333333333333,0.5160176983454153,84825,170063,87801912677111.47,547090453273.6
224,aime_Qwen3-4B_S1,16,4,2,1,60,0.15,0.526775233041823,76432,156820,95999290533546.67,598603039931.7333
225,aime_Qwen3-4B_S1,16,4,2,1,60,0.16666666666666666,0.49832230488614476,83669,168388,100309621715908.27,625561648674.1333
226,aime_Qwen3-14B_S4,4,16,4,1,60,0.3333333333333333,0.7139701812245948,75380,956571,1464909003535091.2,9192943425032.533
227,aime_Qwen3-14B_S4,4,16,4,1,60,0.3333333333333333,0.7140043466059243,76583,945711,1464909003535091.2,9192943425032.533
228,aime_Qwen3-14B_S4,4,16,4,1,60,0.3333333333333333,0.7137499213358457,77644,982877,1464909003535091.2,9192943425032.533
229,aime_Qwen3-14B_S2,4,16,4,1,60,0.2833333333333333,0.6628960589869517,78589,528768,926582905076855.5,5818086878464.0
230,aime_Qwen3-14B_S2,4,16,4,1,60,0.25,0.6637949533707331,75362,543518,1087066930433335.5,6840694690269.866
231,aime_Qwen3-14B_S2,4,16,4,1,60,0.25,0.6802830349207022,78286,556019,1112386476605576.5,7000855711342.934
232,aime_Qwen3-14B_S1,4,16,4,1,60,0.15,0.5812086699370362,75734,291346,974184662214630.4,6141638350574.934
233,aime_Qwen3-14B_S1,4,16,4,1,60,0.13333333333333333,0.5765945080830568,70194,273063,524068155421730.1,3276998523161.6
234,aime_Qwen3-14B_S1,4,16,4,1,60,0.16666666666666666,0.6008800408365701,73091,283612,914960655661060.2,5764766176567.467
235,aime_Qwen3-0.6B_S8,8,8,2,1,60,0.1,0.5285711786800484,32859,437237,50929820034218.664,259372506385.06668
236,aime_Qwen3-0.6B_S8,8,8,2,1,60,0.1,0.5334672345880213,33878,418283,50929820034218.664,259372506385.06668
237,aime_Qwen3-0.6B_S8,8,8,2,1,60,0.1,0.5271638317572475,34282,439799,50929820034218.664,259372506385.06668
238,aime_Qwen3-0.6B_S4,8,8,2,1,60,0.06666666666666667,0.46145916339713844,31192,216773,37404118925670.4,204819420774.4
239,aime_Qwen3-0.6B_S4,8,8,2,1,60,0.08333333333333333,0.4587207237150925,32256,222323,39889805306743.47,220102864861.86667
240,aime_Qwen3-0.6B_S4,8,8,2,1,60,0.08333333333333333,0.48495527535303473,33596,221244,37827660790075.734,207333794850.13333
241,aime_Qwen3-0.6B_S2,8,8,2,1,60,0.06666666666666667,0.3864510752604449,30345,112286,28498110231389.867,163711371434.66666
242,aime_Qwen3-0.6B_S2,8,8,2,1,60,0.05,0.41583336288161915,31797,117868,28862681251720.535,166043927142.4
243,aime_Qwen3-0.6B_S2,8,8,2,1,60,0.03333333333333333,0.411519481554748,34850,116895,26097669344810.668,148829544857.6
244,aime_Qwen3-0.6B_S1,8,8,2,1,60,0.05,0.3513398001214522,27746,54524,23419088917674.668,139097633075.2
245,aime_Qwen3-0.6B_S1,8,8,2,1,60,0.016666666666666666,0.3479500561914801,29306,58536,26323678396407.465,157357616196.26666
246,aime_Qwen3-0.6B_S1,8,8,2,1,60,0.05,0.3284032360351718,25863,51765,21430075861282.133,126593078033.06667
247,aime_Qwen3-4B_S8,8,8,2,1,60,0.2833333333333333,0.7134759838291298,78393,1059866,126540913788714.67,742353277073.0667
248,aime_Qwen3-4B_S8,8,8,2,1,60,0.2833333333333333,0.7004339904027853,78634,1083720,126540913788714.67,742353277073.0667
249,aime_Qwen3-4B_S8,8,8,2,1,60,0.2833333333333333,0.7056069520906126,81802,1069222,126540913788714.67,742353277073.0667
250,aime_Qwen3-4B_S4,8,8,2,1,60,0.26666666666666666,0.667368229765406,78297,556334,107374647936972.8,650409051460.2667
251,aime_Qwen3-4B_S4,8,8,2,1,60,0.25,0.6635074433347842,78469,574432,106712540614237.86,646867682082.1333
252,aime_Qwen3-4B_S4,8,8,2,1,60,0.2833333333333333,0.6795300862624833,80515,564962,105116441493649.06,635691054276.2667
253,aime_Qwen3-4B_S2,8,8,2,1,60,0.21666666666666667,0.6138740284887653,77580,307786,94445427485806.94,583352598510.9333
254,aime_Qwen3-4B_S2,8,8,2,1,60,0.21666666666666667,0.6262204866963849,70960,297061,94211833951940.27,581947675946.6666
255,aime_Qwen3-4B_S2,8,8,2,1,60,0.2,0.6120549620970047,83127,309635,93510202705749.33,577305915349.3334
256,aime_Qwen3-4B_S1,8,8,2,1,60,0.13333333333333333,0.48924925981313244,86578,173197,80491898535620.27,501389430826.6667
257,aime_Qwen3-4B_S1,8,8,2,1,60,0.15,0.5315499675439571,84005,167955,82804786613725.86,516198674065.06665
258,aime_Qwen3-4B_S1,8,8,2,1,60,0.21666666666666667,0.5776095232772032,82822,163124,77967564599005.86,485418803174.4
259,aime_Qwen3-8B_S4,4,16,4,1,60,0.25,0.7004249244622288,81735,1137645,229797969603067.72,1412652448362.6667
260,aime_Qwen3-8B_S4,4,16,4,1,60,0.25,0.6948172948252839,79549,1168926,229797969603067.72,1412652448362.6667
261,aime_Qwen3-8B_S4,4,16,4,1,60,0.25,0.6967531976928935,81406,1182413,229797969603067.72,1412652448362.6667
262,aime_Qwen3-8B_S2,4,16,4,1,60,0.23333333333333334,0.6542353453010032,78776,592713,196043675393117.88,1218554971383.4666
263,aime_Qwen3-8B_S2,4,16,4,1,60,0.23333333333333334,0.6306756609550432,86945,621337,200327812905757.88,1246893373593.6
264,aime_Qwen3-8B_S2,4,16,4,1,60,0.2,0.6488528221401637,83566,646726,188238475022899.2,1169639029602.1333
265,aime_Qwen3-8B_S1,4,16,4,1,60,0.2,0.5907777247623242,89584,359692,162470132291686.4,1016044157294.9333
266,aime_Qwen3-8B_S1,4,16,4,1,60,0.18333333333333332,0.5952153209593907,77381,311370,165186981536622.94,1033164283212.8
267,aime_Qwen3-8B_S1,4,16,4,1,60,0.16666666666666666,0.5619855769873264,86363,346457,159962788273659.72,1000003170769.0667
268,aime_Qwen3-4B_S32,32,2,1,1,60,0.4,0.7080210514750114,81846,1983954,225139756605892.28,1176275410227.2
269,aime_Qwen3-4B_S32,32,2,1,1,60,0.4,0.7179602944643144,80747,1988749,225139756605892.28,1176275410227.2
270,aime_Qwen3-4B_S32,32,2,1,1,60,0.4,0.6979890107851197,80045,1964784,225139756605892.28,1176275410227.2
271,aime_Qwen3-4B_S16,32,2,1,1,60,0.36666666666666664,0.6874793321196756,77200,1116238,187706570217002.66,1064743694865.0667
272,aime_Qwen3-4B_S16,32,2,1,1,60,0.31666666666666665,0.6643024556678376,81276,1173406,182211825569100.8,1031105610001.0667
273,aime_Qwen3-4B_S16,32,2,1,1,60,0.36666666666666664,0.6713195932296309,81325,1090217,190213653236164.28,1082069985100.8
274,aime_Qwen3-4B_S8,32,2,1,1,60,0.31666666666666665,0.6478539472075772,81571,579543,154275678885930.66,918292521924.2667
275,aime_Qwen3-4B_S8,32,2,1,1,60,0.3,0.6460668514063109,82738,613803,155274711964450.12,921562855611.7333
276,aime_Qwen3-4B_S8,32,2,1,1,60,0.3,0.634400517682057,84408,595792,158522310758289.06,942369231232.0
277,aime_Qwen3-4B_S4,32,2,1,1,60,0.2,0.588283320764435,86476,334524,122269068594261.33,744143135394.1333
278,aime_Qwen3-4B_S4,32,2,1,1,60,0.21666666666666667,0.5968073711201903,83408,319850,136086189733546.67,831149548561.0667
279,aime_Qwen3-4B_S4,32,2,1,1,60,0.2833333333333333,0.6255829962085678,83571,309414,128816531759872.0,787376657792.0
280,aime_Qwen3-4B_S2,32,2,1,1,60,0.21666666666666667,0.5308868595431185,91346,177014,101492972524544.0,627374002227.2
281,aime_Qwen3-4B_S2,32,2,1,1,60,0.18333333333333332,0.5579810629633374,82794,181599,106792175437363.2,660962806161.0667
282,aime_Qwen3-4B_S2,32,2,1,1,60,0.18333333333333332,0.5559654444277886,84454,168139,108448595599837.86,671789451972.2667
283,aime_Qwen3-4B_S1,32,2,1,1,60,0.13333333333333333,0.4545203628857983,88117,88117,79483872147805.86,494425765572.26666
284,aime_Qwen3-4B_S1,32,2,1,1,60,0.11666666666666667,0.44915622547642436,87297,87297,90024981201792.0,560865764189.8667
285,aime_Qwen3-4B_S1,32,2,1,1,60,0.13333333333333333,0.4744350770836677,94465,94465,91052042167884.8,568030425378.1333
286,aime_Qwen3-8B_S64,64,1,1,1,60,0.25,0.5571166394268152,61790,288406,1.8068634881901012e+16,85351649381043.2
287,aime_Qwen3-8B_S64,64,1,1,1,60,0.25,0.5640038602717423,61725,288760,1.8068634881901012e+16,85351649381043.2
288,aime_Qwen3-8B_S64,64,1,1,1,60,0.25,0.559411961863817,62192,280097,1.8068634881901012e+16,85351649381043.2
289,aime_Qwen3-8B_S32,64,1,1,1,60,0.23333333333333334,0.5629251884530474,65494,257121,1.4672971876162714e+16,76581437929941.33
290,aime_Qwen3-8B_S32,64,1,1,1,60,0.23333333333333334,0.5625207542359371,61894,212055,1.4104448357533674e+16,73702096666679.47
291,aime_Qwen3-8B_S32,64,1,1,1,60,0.25,0.5630802277730043,66412,239267,1.4818967162816978e+16,77369714877329.06
292,aime_Qwen3-8B_S16,64,1,1,1,60,0.21666666666666667,0.5508700982037874,69124,213170,1.1904725816864722e+16,66639427226022.4
293,aime_Qwen3-8B_S16,64,1,1,1,60,0.2,0.5029062675940293,68666,221673,1.2121230654043656e+16,67734025985988.266
294,aime_Qwen3-8B_S16,64,1,1,1,60,0.23333333333333334,0.5541473098616633,69831,186162,1.2074435384859354e+16,67590541643148.8
295,aime_Qwen3-8B_S8,64,1,1,1,60,0.26666666666666666,0.529320934103264,72585,178789,9836866682774378.0,57557585677145.6
296,aime_Qwen3-8B_S8,64,1,1,1,60,0.2,0.5404236618564344,76248,209866,1.0296446053007036e+16,60051465691985.07
297,aime_Qwen3-8B_S8,64,1,1,1,60,0.2,0.5002390364200159,69669,184031,1.0001107775107358e+16,58606668311040.0
298,aime_Qwen3-8B_S4,64,1,1,1,60,0.18333333333333332,0.5114049241278138,82117,169548,8338209349942464.0,49959393842602.664
299,aime_Qwen3-8B_S4,64,1,1,1,60,0.2,0.4609516565050481,80180,141705,8448276580693252.0,50609585680379.734
300,aime_Qwen3-8B_S4,64,1,1,1,60,0.26666666666666666,0.4876932569940841,81680,159280,8442769135774818.0,50778361506197.336
301,aime_Qwen3-8B_S2,64,1,1,1,60,0.23333333333333334,0.4667528927504972,84176,115479,6319977443556105.0,38613602495436.8
302,aime_Qwen3-8B_S2,64,1,1,1,60,0.16666666666666666,0.4402100382141158,88113,121848,6242443393566976.0,38151111920797.87
303,aime_Qwen3-8B_S2,64,1,1,1,60,0.18333333333333332,0.4709414184747349,89807,116441,6360921165744132.0,38869681612680.53
304,aime_Qwen3-8B_S1,64,1,1,1,60,0.15,0.41260829061375726,112776,112776,5110272634461687.0,31305426697220.266
305,aime_Qwen3-8B_S1,64,1,1,1,60,0.15,0.4174451684371234,106862,106862,4824922221716100.0,29651706831027.2
306,aime_Qwen3-8B_S1,64,1,1,1,60,0.18333333333333332,0.43080933413159583,97162,97162,4376833502622762.5,26955700680230.4
307,aime_Qwen3-0.6B_S32,32,2,1,1,60,0.08333333333333333,0.47642352135804594,35207,874229,123090250848409.6,524467311718.4
308,aime_Qwen3-0.6B_S32,32,2,1,1,60,0.08333333333333333,0.483090848033891,34792,851902,123090250848409.6,524467311718.4
309,aime_Qwen3-0.6B_S32,32,2,1,1,60,0.08333333333333333,0.4850121965946556,34790,863379,123090250848409.6,524467311718.4
310,aime_Qwen3-0.6B_S16,32,2,1,1,60,0.06666666666666667,0.4379419403781402,36918,433446,80659445753233.06,383696975556.26666
311,aime_Qwen3-0.6B_S16,32,2,1,1,60,0.05,0.41886502920089314,35653,430172,79670848465902.94,377372029073.06665
312,aime_Qwen3-0.6B_S16,32,2,1,1,60,0.05,0.4327450809781267,34590,437151,78104327579946.67,367514511419.73334
313,aime_Qwen3-0.6B_S8,32,2,1,1,60,0.03333333333333333,0.37975041020677697,40210,234420,52006429449369.6,265916534272.0
314,aime_Qwen3-0.6B_S8,32,2,1,1,60,0.05,0.3710684277730953,32049,219357,58090213957760.0,303142333192.5333
315,aime_Qwen3-0.6B_S8,32,2,1,1,60,0.03333333333333333,0.36167072976067677,31366,219055,53537375295325.87,275229719005.86664
316,aime_Qwen3-0.6B_S4,32,2,1,1,60,0.016666666666666666,0.29005773996483813,28737,105769,38604205469277.87,212015281766.4
317,aime_Qwen3-0.6B_S4,32,2,1,1,60,0.03333333333333333,0.30963155269178116,28512,110531,40865637892770.13,225914656665.6
318,aime_Qwen3-0.6B_S4,32,2,1,1,60,0.016666666666666666,0.31986877213566006,34074,114971,40954205116168.53,227006100684.8
319,aime_Qwen3-0.6B_S2,32,2,1,1,60,0.016666666666666666,0.2557372994108057,29677,55029,26973973834333.867,154137019409.06668
320,aime_Qwen3-0.6B_S2,32,2,1,1,60,0.016666666666666666,0.23860324044064624,35453,64026,28229816498082.133,161994933546.66666
321,aime_Qwen3-0.6B_S2,32,2,1,1,60,0.0,0.25294779973251963,29287,57640,28665473988224.0,164325565363.2
322,aime_Qwen3-0.6B_S1,32,2,1,1,60,0.0,0.20774326156598452,31855,31855,20907473889425.066,123190825548.8
323,aime_Qwen3-0.6B_S1,32,2,1,1,60,0.016666666666666666,0.17713903464554911,31386,31386,20131516570717.867,118428686199.46666
324,aime_Qwen3-0.6B_S1,32,2,1,1,60,0.03333333333333333,0.1647885498455223,28443,28443,20357096327517.867,119847385429.33333
325,aime_Qwen3-0.6B_S16,16,4,2,1,60,0.11666666666666667,0.5377028561021445,35384,912833,80214349053149.86,379442857591.4667
326,aime_Qwen3-0.6B_S16,16,4,2,1,60,0.11666666666666667,0.5285091986238627,36313,894985,80214349053149.86,379442857591.4667
327,aime_Qwen3-0.6B_S16,16,4,2,1,60,0.11666666666666667,0.5379381694022122,36176,900060,80214349053149.86,379442857591.4667
328,aime_Qwen3-0.6B_S8,16,4,2,1,60,0.06666666666666667,0.49227838164017257,35983,482936,53408385093051.734,274664081612.8
329,aime_Qwen3-0.6B_S8,16,4,2,1,60,0.08333333333333333,0.4790393265820647,37310,432888,57398767817796.266,298542086348.8
330,aime_Qwen3-0.6B_S8,16,4,2,1,60,0.06666666666666667,0.48934210472466344,38664,472686,55618380948326.4,287846398557.86664
331,aime_Qwen3-0.6B_S4,16,4,2,1,60,0.03333333333333333,0.4016197309582957,36241,235656,41682295500177.07,231062569992.53333
332,aime_Qwen3-0.6B_S4,16,4,2,1,60,0.05,0.39898559234176856,36210,230393,39051042098594.13,214504403618.13333
333,aime_Qwen3-0.6B_S4,16,4,2,1,60,0.016666666666666666,0.4163912055485425,35316,250582,39361526098013.87,216542904874.66666
334,aime_Qwen3-0.6B_S2,16,4,2,1,60,0.016666666666666666,0.29270129281855317,32329,121819,28463400561902.934,163611040025.6
335,aime_Qwen3-0.6B_S2,16,4,2,1,60,0.03333333333333333,0.33019049026720254,33786,117785,28853530480503.465,166048842240.0
336,aime_Qwen3-0.6B_S2,16,4,2,1,60,0.0,0.32960510284672595,34346,126179,28716545775616.0,164700259950.93332
337,aime_Qwen3-0.6B_S1,16,4,2,1,60,0.016666666666666666,0.27435845154413413,33415,66037,23202387672337.066,137618441292.8
338,aime_Qwen3-0.6B_S1,16,4,2,1,60,0.03333333333333333,0.2749467943594122,29520,57733,24297960660352.0,144622937770.66666
339,aime_Qwen3-0.6B_S1,16,4,2,1,60,0.06666666666666667,0.2601629394877824,28925,57614,24216275406976.0,144001843584.0
340,aime_Qwen3-8B_S2,2,32,4,1,60,0.2833333333333333,0.6619303883478664,85767,613662,175087000862980.28,1087575637205.3334
341,aime_Qwen3-8B_S2,2,32,4,1,60,0.2833333333333333,0.6612125380565902,86666,615424,175087000862980.28,1087575637205.3334
342,aime_Qwen3-8B_S2,2,32,4,1,60,0.2833333333333333,0.6618347537840651,86705,603520,175087000862980.28,1087575637205.3334
343,aime_Qwen3-8B_S1,2,32,4,1,60,0.23333333333333334,0.626765631868816,89360,355508,136544247749998.94,851524569557.3334
344,aime_Qwen3-8B_S1,2,32,4,1,60,0.23333333333333334,0.6173681974177649,86053,344623,148091519750698.66,924913044983.4667
345,aime_Qwen3-8B_S1,2,32,4,1,60,0.25,0.6100416860536675,89217,355819,150140132295534.94,937983731729.0667
346,aime_Qwen3-0.6B_S1,1,64,4,1,60,0.16666666666666666,0.6191187566157731,81399,326009,13080568616081.066,77834696072.53334
347,aime_Qwen3-0.6B_S1,1,64,4,1,60,0.16666666666666666,0.6191187566157731,81399,326009,13080568616081.066,77834696072.53334
348,aime_Qwen3-0.6B_S1,1,64,4,1,60,0.16666666666666666,0.6191187566157731,81399,326009,13080568616081.066,77834696072.53334
349,aime_Qwen3-32B_S64,64,1,1,1,60,0.11666666666666667,0.46627566637883433,48139,162123,2.8787385221489836e+16,164517222285021.88
350,aime_Qwen3-32B_S64,64,1,1,1,60,0.11666666666666667,0.4665863060883711,48623,166382,2.8787385221489836e+16,164517222285021.88
351,aime_Qwen3-32B_S64,64,1,1,1,60,0.11666666666666667,0.45438098442776775,48615,160499,2.8787385221489836e+16,164517222285021.88
352,aime_Qwen3-32B_S32,64,1,1,1,60,0.18333333333333332,0.47236666724487725,50269,158388,2.6216285168108596e+16,156239991540087.47
353,aime_Qwen3-32B_S32,64,1,1,1,60,0.13333333333333333,0.42561294055614296,48962,152410,2.675255552902836e+16,159377877302775.47
354,aime_Qwen3-32B_S32,64,1,1,1,60,0.11666666666666667,0.48880309751914236,49839,138273,2.592314288886377e+16,154641961878101.34
355,aime_Qwen3-32B_S16,64,1,1,1,60,0.15,0.45429404831655223,54461,123219,2.3264626004491988e+16,141997950061124.28
356,aime_Qwen3-32B_S16,64,1,1,1,60,0.08333333333333333,0.4461660369943696,55525,127849,2.4074979585868176e+16,147123931519197.88
357,aime_Qwen3-32B_S16,64,1,1,1,60,0.13333333333333333,0.44940583215334934,53439,129887,2.4021970466019164e+16,146651989587421.88
358,aime_Qwen3-32B_S8,64,1,1,1,60,0.11666666666666667,0.40708900771137696,57925,116769,2.2381804882304024e+16,138970179758148.27
359,aime_Qwen3-32B_S8,64,1,1,1,60,0.13333333333333333,0.4466520545037626,58544,96112,2.141845692098264e+16,133040775716087.47
360,aime_Qwen3-32B_S8,64,1,1,1,60,0.1,0.43339266131486,61007,100106,2.1153559354184584e+16,131333406808968.53
361,aime_Qwen3-32B_S4,64,1,1,1,60,0.11666666666666667,0.42889593896359696,57710,96792,1.9409183914765868e+16,121739159378124.8
362,aime_Qwen3-32B_S4,64,1,1,1,60,0.11666666666666667,0.3843667015177512,63494,90373,1.9463650663594452e+16,122099019322146.14
363,aime_Qwen3-32B_S4,64,1,1,1,60,0.15,0.4413487043056558,68052,117815,2.1452371958795684e+16,134467502847633.06
364,aime_Qwen3-32B_S2,64,1,1,1,60,0.13333333333333333,0.4206107550781473,71869,87507,1.7944704438358126e+16,113210485999394.14
365,aime_Qwen3-32B_S2,64,1,1,1,60,0.13333333333333333,0.40253175156010723,66683,84831,1.7043136616721682e+16,107455998744413.86
366,aime_Qwen3-32B_S2,64,1,1,1,60,0.1,0.39546079710819976,75909,103264,1.8809222857564332e+16,118497792293393.06
367,aime_Qwen3-32B_S1,64,1,1,1,60,0.11666666666666667,0.37878619220841464,84606,84606,1.4790581693234006e+16,93468745577181.86
368,aime_Qwen3-32B_S1,64,1,1,1,60,0.11666666666666667,0.4266098860145556,74766,74766,1.3472585264420284e+16,85191948923989.33
369,aime_Qwen3-32B_S1,64,1,1,1,60,0.1,0.3690757898051118,82945,82945,1.4574365051656942e+16,92107860767308.8
370,aime_Qwen3-8B_S32,32,2,1,1,60,0.38333333333333336,0.6886312221295046,81022,2352952,482868603704908.8,2736605662097.067
371,aime_Qwen3-8B_S32,32,2,1,1,60,0.38333333333333336,0.6850697396042517,85416,2313598,482868603704908.8,2736605662097.067
372,aime_Qwen3-8B_S32,32,2,1,1,60,0.38333333333333336,0.6757757818644541,83482,2320832,482868603704908.8,2736605662097.067
373,aime_Qwen3-8B_S16,32,2,1,1,60,0.35,0.6597860405042107,84414,1225351,388780184729288.56,2303436033723.7334
374,aime_Qwen3-8B_S16,32,2,1,1,60,0.31666666666666665,0.6484934814991278,87221,1216549,402296319974946.1,2390181677896.533
375,aime_Qwen3-8B_S16,32,2,1,1,60,0.31666666666666665,0.6720015704966502,84950,1229125,394997567712371.2,2345194022954.6665
376,aime_Qwen3-8B_S8,32,2,1,1,60,0.2833333333333333,0.6331777878347644,85328,679627,324179577594112.0,1978349433881.6
377,aime_Qwen3-8B_S8,32,2,1,1,60,0.26666666666666666,0.6307997495558727,89019,667574,323079583861158.4,1971987852748.8
378,aime_Qwen3-8B_S8,32,2,1,1,60,0.36666666666666664,0.6308890373818464,87281,609501,343574119951982.94,2097663321612.8
379,aime_Qwen3-8B_S4,32,2,1,1,60,0.25,0.5956128824515109,92701,350237,234726507078182.4,1448954115780.2666
380,aime_Qwen3-8B_S4,32,2,1,1,60,0.25,0.5949356775108383,89127,345044,243969260557525.34,1507031808435.2
381,aime_Qwen3-8B_S4,32,2,1,1,60,0.2833333333333333,0.5806739930521696,90644,352198,243111688143266.12,1501944791419.7334
382,aime_Qwen3-8B_S2,32,2,1,1,60,0.16666666666666666,0.5210415558242389,102686,196942,199047804022707.2,1241222209233.0667
383,aime_Qwen3-8B_S2,32,2,1,1,60,0.2,0.5350501919945142,94807,185449,201342531306577.06,1254409120870.4
384,aime_Qwen3-8B_S2,32,2,1,1,60,0.18333333333333332,0.5531839020342135,93103,179126,188153936388842.66,1171339940821.3333
385,aime_Qwen3-8B_S1,32,2,1,1,60,0.13333333333333333,0.4361248299730923,103461,103461,169544319473860.28,1061248388539.7333
386,aime_Qwen3-8B_S1,32,2,1,1,60,0.16666666666666666,0.4471900816286383,104342,104342,152039232427549.88,949670335287.4667
387,aime_Qwen3-8B_S1,32,2,1,1,60,0.1,0.48868738926203653,106912,106912,129349864286493.86,805563044142.9333
388,aime_Qwen3-32B_S32,32,2,1,1,60,0.4,0.709412626133853,71765,1698262,2622445977007138.0,15394655403656.533
389,aime_Qwen3-32B_S32,32,2,1,1,60,0.4,0.7039955189996047,71419,1724214,2622445977007138.0,15394655403656.533
390,aime_Qwen3-32B_S32,32,2,1,1,60,0.4,0.7045055069721599,70685,1676109,2622445977007138.0,15394655403656.533
391,aime_Qwen3-32B_S16,32,2,1,1,60,0.31666666666666665,0.7055568211727162,75825,950935,2071290405135044.2,12507141104256.0
392,aime_Qwen3-32B_S16,32,2,1,1,60,0.35,0.6855038987578067,72529,932940,2130424010556032.0,12877321354188.8
393,aime_Qwen3-32B_S16,32,2,1,1,60,0.35,0.7004038027511942,73475,937901,1828897508776652.8,10966087119402.666
394,aime_Qwen3-32B_S8,32,2,1,1,60,0.3,0.671640537118357,77914,488190,1843309906124100.2,11366966151517.867
395,aime_Qwen3-32B_S8,32,2,1,1,60,0.26666666666666666,0.6413965268461301,69078,507081,1573536650850423.5,9638557557017.6
396,aime_Qwen3-32B_S8,32,2,1,1,60,0.2833333333333333,0.6667855800980969,77598,506266,1571357799029060.2,9643411978538.666
397,aime_Qwen3-32B_S4,32,2,1,1,60,0.2833333333333333,0.6027653472531597,79789,272136,1261857730185693.8,7815466360038.4
398,aime_Qwen3-32B_S4,32,2,1,1,60,0.21666666666666667,0.621971176566771,76520,271704,1221901685647368.5,7557932512409.6
399,aime_Qwen3-32B_S4,32,2,1,1,60,0.23333333333333334,0.5848843151524658,74316,254008,1276916021389175.5,7914173947042.134
400,aime_Qwen3-32B_S2,32,2,1,1,60,0.23333333333333334,0.5571293856286756,75739,142402,1052706045898803.2,6552786752375.467
401,aime_Qwen3-32B_S2,32,2,1,1,60,0.16666666666666666,0.5723399150491946,80645,154032,1195384690269704.5,7457803408844.8
402,aime_Qwen3-32B_S2,32,2,1,1,60,0.2,0.5617852323515293,73806,142561,1212848612035968.0,7569669467477.333
403,aime_Qwen3-32B_S1,32,2,1,1,60,0.15,0.4672204218035524,82720,82720,826635762715033.6,5140034674756.267
404,aime_Qwen3-32B_S1,32,2,1,1,60,0.16666666666666666,0.4608147342295215,74538,74538,789217130640401.1,4901780380979.2
405,aime_Qwen3-32B_S1,32,2,1,1,60,0.15,0.42275492035692547,78012,78012,831482497712025.6,5170883156241.066
406,aime_Qwen3-1.7B_S4,4,16,4,1,60,0.15,0.7303230120066933,63506,935050,45197154895424.0,251685015739.73334
407,aime_Qwen3-1.7B_S4,4,16,4,1,60,0.15,0.726945457120262,64116,939692,45197154895424.0,251685015739.73334
408,aime_Qwen3-1.7B_S4,4,16,4,1,60,0.15,0.7285277338071378,62479,926780,45197154895424.0,251685015739.73334
409,aime_Qwen3-1.7B_S2,4,16,4,1,60,0.1,0.6723056228526204,61296,496263,37598724653713.07,218318527257.6
410,aime_Qwen3-1.7B_S2,4,16,4,1,60,0.13333333333333333,0.6783469680193005,64266,497552,36852400028983.47,213566025523.2
411,aime_Qwen3-1.7B_S2,4,16,4,1,60,0.13333333333333333,0.6748246228342707,62437,499888,38454312990045.87,223743319086.93332
412,aime_Qwen3-1.7B_S1,4,16,4,1,60,0.1,0.5795641306691248,61405,245000,30881181359227.734,182951491639.46667
413,aime_Qwen3-1.7B_S1,4,16,4,1,60,0.06666666666666667,0.5842970051228006,61912,248250,31668539568512.0,187941837499.73334
414,aime_Qwen3-1.7B_S1,4,16,4,1,60,0.11666666666666667,0.6199028608276927,65910,263662,30276475945049.6,179118863586.13333
415,aime_Qwen3-32B_S1,1,64,4,1,60,0.16666666666666666,0.6639035159458684,78875,315134,422168620716253.9,2630195489518.933
416,aime_Qwen3-32B_S1,1,64,4,1,60,0.16666666666666666,0.6639035159458684,78875,315134,422168620716253.9,2630195489518.933
417,aime_Qwen3-32B_S1,1,64,4,1,60,0.16666666666666666,0.6639035159458684,78875,315134,422168620716253.9,2630195489518.933
418,aime_Qwen3-8B_S1,1,64,4,1,60,0.2,0.6359539347469637,82302,329261,128886529365431.47,802969605047.4667
419,aime_Qwen3-8B_S1,1,64,4,1,60,0.2,0.6359539347469637,82302,329261,128886529365431.47,802969605047.4667
420,aime_Qwen3-8B_S1,1,64,4,1,60,0.2,0.6359539347469637,82302,329261,128886529365431.47,802969605047.4667
421,aime_Qwen3-1.7B_S8,8,8,2,1,60,0.2,0.6709623825597139,78933,1244827,50686559205333.336,284464069956.26666
422,aime_Qwen3-1.7B_S8,8,8,2,1,60,0.2,0.6729615723165129,82033,1243520,50686559205333.336,284464069956.26666
423,aime_Qwen3-1.7B_S8,8,8,2,1,60,0.2,0.6713336970193946,76520,1230246,50686559205333.336,284464069956.26666
424,aime_Qwen3-1.7B_S4,8,8,2,1,60,0.15,0.6369889530367893,80973,652046,42711012642786.13,252045799040.0
425,aime_Qwen3-1.7B_S4,8,8,2,1,60,0.13333333333333333,0.6441567949630149,76515,631875,40681143552477.87,238865997320.53333
426,aime_Qwen3-1.7B_S4,8,8,2,1,60,0.15,0.6350412355801577,80665,659445,41287808132569.6,242762215150.93332
427,aime_Qwen3-1.7B_S2,8,8,2,1,60,0.08333333333333333,0.5602164619175426,82237,360419,34673226580100.266,209615504567.46667
428,aime_Qwen3-1.7B_S2,8,8,2,1,60,0.15,0.5768134459615265,85706,351977,34839388474120.535,210683397926.4
429,aime_Qwen3-1.7B_S2,8,8,2,1,60,0.15,0.5759703776576556,84208,330161,36002815847189.336,217863593949.86667
430,aime_Qwen3-1.7B_S1,8,8,2,1,60,0.08333333333333333,0.44212960192401213,83138,166770,27046785131400.535,165326477448.53333
431,aime_Qwen3-1.7B_S1,8,8,2,1,60,0.06666666666666667,0.47575647411541444,82342,164642,30279064006135.465,185869773346.13333
432,aime_Qwen3-1.7B_S1,8,8,2,1,60,0.08333333333333333,0.4350229516114984,88724,177711,30858965619059.2,189528334912.0
433,aime_Qwen3-4B_S64,64,1,1,1,60,0.16666666666666666,0.5119448618157828,57542,274214,8388634321949380.0,33858306908706.133
434,aime_Qwen3-4B_S64,64,1,1,1,60,0.16666666666666666,0.5163796055453798,57323,277186,8388634321949380.0,33858306908706.133
435,aime_Qwen3-4B_S64,64,1,1,1,60,0.16666666666666666,0.523927246847869,57846,280822,8388634321949380.0,33858306908706.133
436,aime_Qwen3-4B_S32,64,1,1,1,60,0.2,0.5338242669357204,56950,215879,6490465197798767.0,30399990707276.8
437,aime_Qwen3-4B_S32,64,1,1,1,60,0.18333333333333332,0.5401206493958619,58639,225814,6493579001356262.0,30027447099571.2
438,aime_Qwen3-4B_S32,64,1,1,1,60,0.18333333333333332,0.491828136681377,60728,221930,6486380615654306.0,30126026817800.535
439,aime_Qwen3-4B_S16,64,1,1,1,60,0.16666666666666666,0.5157339679725573,61690,200582,5295706076131550.0,27383050149623.465
440,aime_Qwen3-4B_S16,64,1,1,1,60,0.23333333333333334,0.5237794054789408,60348,201731,5381090345456614.0,27891888334139.734
441,aime_Qwen3-4B_S16,64,1,1,1,60,0.15,0.5311897475727306,58789,182284,5060065571862793.0,26351170935842.133
442,aime_Qwen3-4B_S8,64,1,1,1,60,0.16666666666666666,0.49302186323562364,65748,155187,4412678682195780.5,24352233553186.133
443,aime_Qwen3-4B_S8,64,1,1,1,60,0.18333333333333332,0.5105658434528577,66811,155639,4439687338204996.5,24476727129924.266
444,aime_Qwen3-4B_S8,64,1,1,1,60,0.16666666666666666,0.4976205915614956,65751,167080,4228758412560631.5,23314366383658.668
445,aime_Qwen3-4B_S4,64,1,1,1,60,0.2,0.501328559052152,71450,126078,3610995384012347.5,20836146175351.465
446,aime_Qwen3-4B_S4,64,1,1,1,60,0.15,0.5070550986624829,73842,137718,3549278353727266.0,20529975445154.133
447,aime_Qwen3-4B_S4,64,1,1,1,60,0.03333333333333333,0.4487659494003127,70713,121905,3525118572916053.5,20438900676480.0
448,aime_Qwen3-4B_S2,64,1,1,1,60,0.08333333333333333,0.4167779097853654,84397,111328,3105042811317256.5,18202707919846.4
449,aime_Qwen3-4B_S2,64,1,1,1,60,0.16666666666666666,0.48900116298167234,80875,104518,2963215894604800.0,17566083210615.467
450,aime_Qwen3-4B_S2,64,1,1,1,60,0.16666666666666666,0.48381098831828173,81029,113290,2845373678429824.0,16838404684194.133
451,aime_Qwen3-4B_S1,64,1,1,1,60,0.1,0.3979310261984016,93115,93115,2145004383533440.0,12843464288546.133
452,aime_Qwen3-4B_S1,64,1,1,1,60,0.13333333333333333,0.4446431684124393,92756,92756,2150930474017775.0,12808739560157.867
453,aime_Qwen3-4B_S1,64,1,1,1,60,0.11666666666666667,0.4193289856892926,95771,95771,2244579698206924.8,13241047260262.4
454,aime_Qwen3-4B_S2,2,32,4,1,60,0.18333333333333332,0.6714831924836883,77475,576592,99366787419025.06,613955920290.1333
455,aime_Qwen3-4B_S2,2,32,4,1,60,0.18333333333333332,0.6718082403218845,73678,585813,99366787419025.06,613955920290.1333
456,aime_Qwen3-4B_S2,2,32,4,1,60,0.18333333333333332,0.672677217310032,74553,581497,99366787419025.06,613955920290.1333
457,aime_Qwen3-4B_S1,2,32,4,1,60,0.13333333333333333,0.6275425937309382,73588,295940,86160131945924.27,537347273497.6
458,aime_Qwen3-4B_S1,2,32,4,1,60,0.15,0.5991963720030044,78941,316709,88657601473408.0,553214672580.2667
459,aime_Qwen3-4B_S1,2,32,4,1,60,0.15,0.6149216054960519,70658,282084,83811118876492.8,522421745476.26666
460,aime_Qwen3-14B_S16,16,4,2,1,60,0.38333333333333336,0.7059516801886984,73447,1729384,3650703182272196.5,22663428432196.266
461,aime_Qwen3-14B_S16,16,4,2,1,60,0.38333333333333336,0.7064626971338183,72123,1702474,3650703182272196.5,22663428432196.266
462,aime_Qwen3-14B_S16,16,4,2,1,60,0.38333333333333336,0.720465532802659,73137,1710165,3650703182272196.5,22663428432196.266
463,aime_Qwen3-14B_S8,16,4,2,1,60,0.3,0.6844356693648361,71804,1002419,3002812676356945.0,18846357892680.535
464,aime_Qwen3-14B_S8,16,4,2,1,60,0.3333333333333333,0.6796910632034623,72407,995389,2923893800809101.0,18333198493038.934
465,aime_Qwen3-14B_S8,16,4,2,1,60,0.3,0.6947807033220632,75480,999086,2471801111584917.5,15459404178483.2
466,aime_Qwen3-14B_S4,16,4,2,1,60,0.26666666666666666,0.6467763754047396,74695,505782,1767050847994781.8,11106040110621.867
467,aime_Qwen3-14B_S4,16,4,2,1,60,0.2833333333333333,0.652051007881599,74629,516553,2632792358794026.5,16610261460492.8
468,aime_Qwen3-14B_S4,16,4,2,1,60,0.31666666666666665,0.6591299252985948,73546,525991,1945048727489540.2,12240277139310.934
469,aime_Qwen3-14B_S2,16,4,2,1,60,0.21666666666666667,0.6012347750395862,77698,294978,1272592444136106.8,8019837805956.267
470,aime_Qwen3-14B_S2,16,4,2,1,60,0.23333333333333334,0.5946175144845453,81261,272968,1336824268829196.8,8431180615799.467
471,aime_Qwen3-14B_S2,16,4,2,1,60,0.2,0.6117662881467116,77428,285530,1399293867658944.0,8824220842329.6
472,aime_Qwen3-14B_S1,16,4,2,1,60,0.18333333333333332,0.5641874901831739,78370,147192,943228728551475.2,5944570873096.533
473,aime_Qwen3-14B_S1,16,4,2,1,60,0.1,0.5020078843347642,77008,149615,1135504912261610.8,7168253824098.134
474,aime_Qwen3-14B_S1,16,4,2,1,60,0.11666666666666667,0.5308349357337615,77347,148917,813295353333828.2,5117697212868.267
475,aime_Qwen3-32B_S4,4,16,4,1,60,0.26666666666666666,0.7234013489929869,75974,1094760,724857092261435.8,4498828620407.467
476,aime_Qwen3-32B_S4,4,16,4,1,60,0.26666666666666666,0.7280265172685366,75828,1113424,724857092261435.8,4498828620407.467
477,aime_Qwen3-32B_S4,4,16,4,1,60,0.26666666666666666,0.7290066101514178,76033,1077170,724857092261435.8,4498828620407.467
478,aime_Qwen3-32B_S2,4,16,4,1,60,0.21666666666666667,0.6842900584257224,77393,599581,587872919146845.9,3666947975125.3335
479,aime_Qwen3-32B_S2,4,16,4,1,60,0.21666666666666667,0.6705502611688943,78478,578598,623996030227114.6,3896586830105.6
480,aime_Qwen3-32B_S2,4,16,4,1,60,0.21666666666666667,0.6624507528909137,72676,566616,631632063773448.5,3945770362129.067
481,aime_Qwen3-32B_S1,4,16,4,1,60,0.18333333333333332,0.6188309961778238,77784,311167,500830162473267.2,3130889474389.3335
482,aime_Qwen3-32B_S1,4,16,4,1,60,0.16666666666666666,0.6069676739388864,79733,319112,489890065261883.75,3061106587468.8
483,aime_Qwen3-32B_S1,4,16,4,1,60,0.2,0.5920392395850826,86905,346574,471018278695799.44,2940905457245.8667
484,aime_Qwen3-1.7B_S64,64,1,1,1,60,0.03333333333333333,0.27678204581858945,14121,155858,1041480841789427.2,4445503015176.533
485,aime_Qwen3-1.7B_S64,64,1,1,1,60,0.03333333333333333,0.28269801560972374,14172,155992,1041480841789427.2,4445503015176.533
486,aime_Qwen3-1.7B_S64,64,1,1,1,60,0.03333333333333333,0.28159793813163836,14380,154601,1041480841789427.2,4445503015176.533
487,aime_Qwen3-1.7B_S32,64,1,1,1,60,0.03333333333333333,0.26284491161839885,15126,103926,797884292511547.8,3855883257676.8
488,aime_Qwen3-1.7B_S32,64,1,1,1,60,0.016666666666666666,0.24103673092174457,14312,89258,767941034184247.5,3731454509380.2666
489,aime_Qwen3-1.7B_S32,64,1,1,1,60,0.03333333333333333,0.2652759183004343,15006,93924,790003491431556.2,3844410098368.0
490,aime_Qwen3-1.7B_S16,64,1,1,1,60,0.03333333333333333,0.24987325098121232,14293,64904,629461732608396.8,3344539495569.067
491,aime_Qwen3-1.7B_S16,64,1,1,1,60,0.0,0.2164519596103052,15824,67865,666054493755571.2,3521464274824.533
492,aime_Qwen3-1.7B_S16,64,1,1,1,60,0.016666666666666666,0.23081187927415325,15203,67309,645260962358715.8,3410898898564.2666
493,aime_Qwen3-1.7B_S8,64,1,1,1,60,0.0,0.19293092777335039,16218,41990,554138691822135.44,3139739391368.533
494,aime_Qwen3-1.7B_S8,64,1,1,1,60,0.016666666666666666,0.21772235957210315,19364,50016,628691522650210.1,3515280362376.533
495,aime_Qwen3-1.7B_S8,64,1,1,1,60,0.016666666666666666,0.2120142557585733,19244,58529,618067752049634.1,3508951296315.7334
496,aime_Qwen3-1.7B_S4,64,1,1,1,60,0.016666666666666666,0.16584832188514803,17469,30058,445408982486839.44,2628859057156.2666
497,aime_Qwen3-1.7B_S4,64,1,1,1,60,0.016666666666666666,0.19948085791035997,19616,36331,510036058497847.44,2984114517201.067
498,aime_Qwen3-1.7B_S4,64,1,1,1,60,0.016666666666666666,0.21305565519146086,23784,44153,555840540494579.2,3259861717324.8
499,aime_Qwen3-1.7B_S2,64,1,1,1,60,0.0,0.1539848324875809,26138,35182,490417239625510.4,2933786769804.8
500,aime_Qwen3-1.7B_S2,64,1,1,1,60,0.03333333333333333,0.1973000561389333,27919,39986,513870293711368.56,3056724851861.3335
501,aime_Qwen3-1.7B_S2,64,1,1,1,60,0.0,0.20292539016327077,24146,36123,441623616217847.44,2637148931409.067
502,aime_Qwen3-1.7B_S1,64,1,1,1,60,0.0,0.15921222375278213,34440,34440,405605327209450.7,2435873744908.8
503,aime_Qwen3-1.7B_S1,64,1,1,1,60,0.016666666666666666,0.20472782950859852,29201,29201,342206227921600.0,2070347001408.0
504,aime_Qwen3-1.7B_S1,64,1,1,1,60,0.016666666666666666,0.17089157723130668,30876,30876,365179331083421.9,2189104632153.6
