序号,model_sample_size,qp,cp,bs,n_trials,n_question,准确性,平均reward,answer_tokens,total_tokens,mean_eflops,mean_memory
1,aime_Qwen3-32B_S64,64,1,1,3,60,0.45,0.6805187248037448,77890.0,3355850.3333333335,1.1514353583610515e+17,656583135767611.8
2,aime_Qwen3-32B_S32,64,1,1,3,60,0.37777777777777777,0.6697770519431488,78794.66666666667,1836240.0,8.61675834468462e+16,511944064227586.8
3,aime_Qwen3-32B_S16,64,1,1,3,60,0.3111111111111111,0.640397244240449,80864.66666666667,995312.6666666666,6.359129647390406e+16,387488326364518.44
4,aime_Qwen3-32B_S8,64,1,1,3,60,0.2611111111111111,0.5973757704402862,79195.33333333333,539749.0,4.64216959951124e+16,287548442607752.5
5,aime_Qwen3-32B_S4,64,1,1,3,60,0.20555555555555557,0.5521929975877748,81708.0,289727.0,3.311862893923133e+16,207163715039240.53
6,aime_Qwen3-32B_S2,64,1,1,3,60,0.15,0.4716968657133025,81753.0,158590.33333333334,2.318625896628547e+16,145913709568179.22
7,aime_Qwen3-32B_S1,64,1,1,3,60,0.11111111111111112,0.3914906226760273,80772.33333333333,80772.33333333333,1.430177815835839e+16,90315097737184.7
8,aime_Qwen3-32B_S32,32,2,1,3,60,0.4000000000000001,0.7059712173685392,71289.66666666667,1699528.3333333333,1.0012479830660882e+17,570610522748091.8
9,aime_Qwen3-32B_S16,32,2,1,3,60,0.33888888888888885,0.6971548408939058,73943.0,940592.0,7.361536352102789e+16,436593066736011.44
10,aime_Qwen3-32B_S8,32,2,1,3,60,0.2833333333333333,0.6599408813541947,74863.33333333333,500512.3333333333,5.3923901004800984e+16,327801348041392.4
11,aime_Qwen3-32B_S4,32,2,1,3,60,0.24444444444444446,0.6032069463241322,76875.0,265949.3333333333,3.9020068386797736e+16,241034414146323.9
12,aime_Qwen3-32B_S2,32,2,1,3,60,0.19999999999999998,0.5637515110097998,76730.0,146331.66666666666,2.7049352845996732e+16,168757168380086.03
13,aime_Qwen3-32B_S1,32,2,1,3,60,0.15555555555555556,0.45026335879666646,78423.33333333333,78423.33333333333,1.761843840211068e+16,110541423494485.33
14,aime_Qwen3-32B_S16,16,4,2,3,60,0.3499999999999999,0.7324704837990484,71227.66666666667,1596261.3333333333,8.486497762575214e+16,483764810258449.06
15,aime_Qwen3-32B_S8,16,4,2,3,60,0.3055555555555555,0.7001596783945082,69852.33333333333,858919.6666666666,6.166816647840991e+16,365637875431751.06
16,aime_Qwen3-32B_S4,16,4,2,3,60,0.25555555555555554,0.6680751279729087,72681.0,475557.3333333333,4.394059381146572e+16,266665874397934.9
17,aime_Qwen3-32B_S2,16,4,2,3,60,0.22777777777777777,0.6278691294907044,66882.0,258268.0,2.9938847306226884e+16,184451119020020.62
18,aime_Qwen3-32B_S1,16,4,2,3,60,0.1611111111111111,0.5634032622907795,71915.66666666667,143768.33333333334,2.047817109010723e+16,127336249342421.33
19,aime_Qwen3-32B_S8,8,8,2,3,60,0.3333333333333333,0.7238967051391101,82353.0,1079636.6666666667,8.695376152240981e+16,476015755103829.3
20,aime_Qwen3-32B_S4,8,8,2,3,60,0.29444444444444445,0.6952836407538365,85836.33333333333,587150.3333333334,6.152472761919876e+16,353261977840603.0
21,aime_Qwen3-32B_S2,8,8,2,3,60,0.25,0.6355420112009394,83613.66666666667,321807.3333333333,4.2432874648709256e+16,251200994569272.88
22,aime_Qwen3-32B_S1,8,8,2,3,60,0.18888888888888888,0.5573928623789696,85424.66666666667,170868.0,2.673608860343227e+16,161571095847657.25
23,aime_Qwen3-32B_S4,4,16,4,3,60,0.26666666666666666,0.7268114921376471,75945.0,1095118.0,6.905508346164247e+16,372167160079010.1
24,aime_Qwen3-32B_S2,4,16,4,3,60,0.21666666666666667,0.6724303574951769,76182.33333333333,581598.3333333334,4.727713543176723e+16,268799666298174.6
25,aime_Qwen3-32B_S1,4,16,4,3,60,0.18333333333333335,0.6059459699005977,81474.0,325617.6666666667,3.2818461820268396e+16,192166194268854.03
26,aime_Qwen3-32B_S2,2,32,4,3,60,0.21666666666666667,0.7023860457487312,80550.66666666667,601600.0,5.708942860677862e+16,303034347884057.6
27,aime_Qwen3-32B_S1,2,32,4,3,60,0.17777777777777778,0.6198170545971439,82669.0,330844.3333333333,3.758307198789007e+16,209001071577170.5
28,aime_Qwen3-32B_S1,1,64,4,3,60,0.16666666666666666,0.6639035159458684,78875.0,315134.0,4.1826268004584104e+16,218821282338534.4
29,aime_Qwen3-14B_S64,64,1,1,3,60,0.4666666666666666,0.6669364494022982,78404.0,3446958.3333333335,6.874997054063497e+16,380533151732629.3
30,aime_Qwen3-14B_S32,64,1,1,3,60,0.4166666666666667,0.637869790265981,78199.66666666667,1856577.6666666667,5.0020351855955736e+16,290880403063543.5
31,aime_Qwen3-14B_S16,64,1,1,3,60,0.3499999999999999,0.6107503790909744,84968.66666666667,1051716.0,3.5599117493989308e+16,213060957075990.75
32,aime_Qwen3-14B_S8,64,1,1,3,60,0.3055555555555555,0.6023928704123194,82067.0,539243.0,2.4782031686267788e+16,151717027506463.28
33,aime_Qwen3-14B_S4,64,1,1,3,60,0.22777777777777777,0.5311934290999066,86057.0,301820.0,1.7449117489494128e+16,108151869906137.61
34,aime_Qwen3-14B_S2,64,1,1,3,60,0.16111111111111112,0.4649428342332748,84972.66666666667,168022.0,1.1591901269497402e+16,72314697183052.8
35,aime_Qwen3-14B_S1,64,1,1,3,60,0.12222222222222222,0.39576665860559385,85469.0,85469.0,7248573810695805.0,45505095847190.76
36,aime_Qwen3-14B_S32,32,2,1,3,60,0.43333333333333335,0.6790483533681216,81385.33333333333,1632830.6666666667,5.800766538080361e+16,323087700290965.3
37,aime_Qwen3-14B_S16,32,2,1,3,60,0.35555555555555557,0.662714042250931,80241.66666666667,934889.3333333334,4.1824941645867224e+16,243305700021976.16
38,aime_Qwen3-14B_S8,32,2,1,3,60,0.3055555555555555,0.6266128408946873,81295.33333333333,494533.6666666667,3.0238912051080012e+16,181529159029883.75
39,aime_Qwen3-14B_S4,32,2,1,3,60,0.26666666666666666,0.5710718643060534,73823.33333333333,253825.33333333334,1.9192972589871692e+16,117662365859373.5
40,aime_Qwen3-14B_S2,32,2,1,3,60,0.2333333333333333,0.5215843474103418,81956.66666666667,145598.66666666666,1.3387544948524854e+16,82715464836342.05
41,aime_Qwen3-14B_S1,32,2,1,3,60,0.12222222222222222,0.4474056089477001,79183.66666666667,79183.66666666667,8664822748613685.0,53985062372633.6
42,aime_Qwen3-14B_S16,16,4,2,3,60,0.38333333333333336,0.7109599700417252,72902.33333333333,1714007.6666666667,5.3584937719769544e+16,296321206173294.94
43,aime_Qwen3-14B_S8,16,4,2,3,60,0.3111111111111111,0.6863024786301205,73230.33333333333,998964.6666666666,3.805524809001396e+16,220049925828454.4
44,aime_Qwen3-14B_S4,16,4,2,3,60,0.2888888888888889,0.6526524361949778,74290.0,516108.6666666667,2.6175183802100948e+16,156208433028771.53
45,aime_Qwen3-14B_S2,16,4,2,3,60,0.21666666666666667,0.602539525890281,78795.66666666667,284492.0,1.7842933972110992e+16,108374558291225.61
46,aime_Qwen3-14B_S1,16,4,2,3,60,0.13333333333333333,0.5323434367505665,77575.0,148574.66666666666,1.1726440210841256e+16,72007550302409.95
47,aime_Qwen3-14B_S8,8,8,2,3,60,0.3,0.6996090663971261,84427.0,1136428.3333333333,4.360292556176136e+16,223208793623705.6
48,aime_Qwen3-14B_S4,8,8,2,3,60,0.25555555555555554,0.6563109794969892,86000.0,609797.6666666666,2.9627969431081324e+16,162175675712219.03
49,aime_Qwen3-14B_S2,8,8,2,3,60,0.2388888888888889,0.6163895285131494,84721.66666666667,320574.0,2.0037191668147068e+16,114582045951884.8
50,aime_Qwen3-14B_S1,8,8,2,3,60,0.19444444444444445,0.5555627603057016,91927.0,183822.33333333334,1.3440204057914586e+16,78659671017316.98
51,aime_Qwen3-14B_S4,4,16,4,3,60,0.3333333333333333,0.7139081497221215,76535.66666666667,961719.6666666666,3.957721693610902e+16,214783415141124.28
52,aime_Qwen3-14B_S2,4,16,4,3,60,0.2611111111111111,0.6689913490927957,77412.33333333333,542768.3333333334,2.656807563609286e+16,150410825200931.56
53,aime_Qwen3-14B_S1,4,16,4,3,60,0.15,0.5862277396188876,73006.33333333333,282673.6666666667,1.6611739201038562e+16,97469860398081.42
54,aime_Qwen3-14B_S2,2,32,4,3,60,0.2333333333333333,0.664746563260913,64426.666666666664,441046.6666666667,2.5866572659104428e+16,142023060657335.47
55,aime_Qwen3-14B_S1,2,32,4,3,60,0.13333333333333333,0.5695215254886752,61682.333333333336,232904.33333333334,1.6844409857997886e+16,96614473399067.02
56,aime_Qwen3-14B_S1,1,64,4,3,60,0.15,0.603081491673505,53100.0,205083.0,1.9449245188752212e+16,104986639656029.86
57,aime_Qwen3-8B_S64,64,1,1,3,60,0.43333333333333335,0.6586112589257634,88250.33333333333,4292200.0,5.4061958799904744e+16,220880713078579.16
58,aime_Qwen3-8B_S32,64,1,1,3,60,0.37777777777777777,0.6429743405733348,88395.0,2374532.3333333335,3.5645173817794964e+16,166598477926492.47
59,aime_Qwen3-8B_S16,64,1,1,3,60,0.3444444444444444,0.6297982128695759,90009.66666666667,1263500.0,2.4520531356329068e+16,125945075429403.02
60,aime_Qwen3-8B_S8,64,1,1,3,60,0.27777777777777773,0.5865731072030846,92183.33333333333,697759.6666666666,1.728654463558663e+16,94637137166701.5
61,aime_Qwen3-8B_S4,64,1,1,3,60,0.25555555555555554,0.5370925421186047,95639.0,364111.0,1.1608152565303894e+16,66593033509559.47
62,aime_Qwen3-8B_S2,64,1,1,3,60,0.2111111111111111,0.4981283410766238,93875.0,187621.33333333334,7446425853044841.0,44112907183416.88
63,aime_Qwen3-8B_S1,64,1,1,3,60,0.1611111111111111,0.4202875977274922,105600.0,105600.0,4909949243908961.0,29437822124824.176
64,aime_Qwen3-8B_S32,32,2,1,3,60,0.38333333333333336,0.6831589145327368,83306.66666666667,2343936.3333333335,4.395391226877148e+16,190846523446314.66
65,aime_Qwen3-8B_S16,32,2,1,3,60,0.3277777777777778,0.6586878732886671,86115.0,1232375.0,2.905781216810125e+16,140932735286382.94
66,aime_Qwen3-8B_S8,32,2,1,3,60,0.3055555555555555,0.630937054185531,87500.0,655279.0,1.9380380792376516e+16,102127741454916.27
67,aime_Qwen3-8B_S4,32,2,1,3,60,0.2611111111111111,0.5904075176715063,90824.0,350439.6666666667,1.3733290132043986e+16,76350976820684.8
68,aime_Qwen3-8B_S2,32,2,1,3,60,0.19444444444444445,0.5401914007522098,96238.33333333333,188819.66666666666,8810096510402409.0,50981644422087.1
69,aime_Qwen3-8B_S1,32,2,1,3,60,0.13333333333333333,0.4573341002879224,104905.0,104905.0,5828467404363264.0,34400603911769.598
70,aime_Qwen3-8B_S16,16,4,2,3,60,0.3333333333333333,0.7164758576166195,89588.33333333333,2345157.0,3.759482555045121e+16,160910466369962.66
71,aime_Qwen3-8B_S8,16,4,2,3,60,0.3055555555555555,0.6826171277187391,86573.33333333333,1215962.0,2.4568396294682932e+16,118150696675212.8
72,aime_Qwen3-8B_S4,16,4,2,3,60,0.24444444444444446,0.6511835677706926,91737.66666666667,661611.3333333334,1.6529747273707376e+16,86151238853714.48
73,aime_Qwen3-8B_S2,16,4,2,3,60,0.2333333333333333,0.5904038158988764,94053.66666666667,361384.3333333333,1.1351499794263892e+16,62178407111482.31
74,aime_Qwen3-8B_S1,16,4,2,3,60,0.16666666666666666,0.5182113238635595,97738.0,195562.33333333334,7271171043574567.0,41394699054000.35
75,aime_Qwen3-8B_S8,8,8,2,3,60,0.2833333333333333,0.7039641474058569,83716.33333333333,1199670.3333333333,2.9711272198473012e+16,129727001797269.33
76,aime_Qwen3-8B_S4,8,8,2,3,60,0.25555555555555554,0.6553440958334023,88345.0,638325.0,1.9277222758032236e+16,93493576622968.89
77,aime_Qwen3-8B_S2,8,8,2,3,60,0.2111111111111111,0.627279410712149,87288.66666666667,337822.0,1.2601009558812202e+16,65655815084002.13
78,aime_Qwen3-8B_S1,8,8,2,3,60,0.18333333333333335,0.5424451599144726,92447.0,185098.0,7864129532161888.0,43060056524169.96
79,aime_Qwen3-8B_S4,4,16,4,3,60,0.25,0.6973318056601353,80896.66666666667,1162994.6666666667,2.3437935879709824e+16,99878001596224.0
80,aime_Qwen3-8B_S2,4,16,4,3,60,0.22222222222222224,0.6445879427987368,83095.66666666667,620258.6666666666,1.5138231573304922e+16,71818503148804.27
81,aime_Qwen3-8B_S1,4,16,4,3,60,0.18333333333333335,0.5826595409030138,84442.66666666667,339173.0,9639342855575654.0,48979351430409.96
82,aime_Qwen3-8B_S2,2,32,4,3,60,0.2833333333333333,0.6616592267295073,86379.33333333333,610868.6666666666,1.907922310625514e+16,78855383287590.4
83,aime_Qwen3-8B_S1,2,32,4,3,60,0.2388888888888889,0.6180585051134161,88210.0,351983.3333333333,1.2120509621960582e+16,55134846382828.086
84,aime_Qwen3-8B_S1,1,64,4,3,60,0.20000000000000004,0.6359539347469637,82302.0,329261.0,1.3653636472458106e+16,55905226637653.336
85,aime_Qwen3-4B_S64,64,1,1,3,60,0.38333333333333336,0.7107015681070826,78254.66666666667,4379439.333333333,3.309872906147251e+16,107723495864584.55
86,aime_Qwen3-4B_S32,64,1,1,3,60,0.3111111111111111,0.6774814480824007,81833.66666666667,2351925.3333333335,2.0659494788373948e+16,79686926590444.08
87,aime_Qwen3-4B_S16,64,1,1,3,60,0.31666666666666665,0.6611177368838473,82715.0,1239420.0,1.3574227741026576e+16,59942330768913.06
88,aime_Qwen3-4B_S8,64,1,1,3,60,0.24444444444444446,0.6256288466255092,86830.33333333333,661654.3333333334,8763052020521424.0,43116774701812.625
89,aime_Qwen3-4B_S4,64,1,1,3,60,0.19999999999999998,0.5892909110955753,84138.66666666667,350093.6666666667,5872231147338055.0,31037963037775.645
90,aime_Qwen3-4B_S2,64,1,1,3,60,0.16666666666666666,0.5024586637799181,90119.0,189035.66666666666,3934258070329520.0,21728925055428.266
91,aime_Qwen3-4B_S1,64,1,1,3,60,0.11666666666666665,0.42063439343337783,93880.66666666667,93880.66666666667,2293536772754546.0,13070688022562.133
92,aime_Qwen3-4B_S32,32,2,1,3,60,0.4000000000000001,0.7073893349005157,80782.33333333333,2040639.0,2.5009649474157452e+16,88243089891712.0
93,aime_Qwen3-4B_S16,32,2,1,3,60,0.3499999999999999,0.6763083862791026,79951.0,1165091.6666666667,1.5955791046667862e+16,65499710979473.06
94,aime_Qwen3-4B_S8,32,2,1,3,60,0.3055555555555555,0.6496097393952233,82856.0,613279.0,1.035918375599615e+16,47952481189600.71
95,aime_Qwen3-4B_S4,32,2,1,3,60,0.2333333333333333,0.6079816725906432,84771.66666666667,331580.6666666667,6638654642419197.0,33653624001174.754
96,aime_Qwen3-4B_S2,32,2,1,3,60,0.19444444444444442,0.5482777889780815,86106.0,179220.0,4377609584775950.0,23495125509612.09
97,aime_Qwen3-4B_S1,32,2,1,3,60,0.12777777777777777,0.4593705551486302,89959.66666666667,89959.66666666667,2628653047151840.5,14624256329409.422
98,aime_Qwen3-4B_S16,16,4,2,3,60,0.3,0.72897679152381,75604.66666666667,2081132.6666666667,2.105555419059749e+16,72642263612492.8
99,aime_Qwen3-4B_S8,16,4,2,3,60,0.27777777777777773,0.6846430648463162,76165.0,1103434.0,1.3061528275341006e+16,52898294706312.53
100,aime_Qwen3-4B_S4,16,4,2,3,60,0.21666666666666667,0.6581801272011937,77877.0,618553.0,8435097602961815.0,38144775759943.12
101,aime_Qwen3-4B_S2,16,4,2,3,60,0.17777777777777778,0.5807958892493583,83111.66666666667,317051.0,5167003995282625.0,25745748727981.51
102,aime_Qwen3-4B_S1,16,4,2,3,60,0.15,0.5137050787577944,81642.0,165090.33333333334,3238913151284477.5,17233958406832.357
103,aime_Qwen3-4B_S8,8,8,2,3,60,0.2833333333333333,0.7065056421075093,79609.66666666667,1077353.0,1.5880566242230314e+16,57604996053230.93
104,aime_Qwen3-4B_S4,8,8,2,3,60,0.26666666666666666,0.6701352531208912,79093.66666666667,567983.0,1.0019252982900048e+16,41664368484198.4
105,aime_Qwen3-4B_S2,8,8,2,3,60,0.2111111111111111,0.6173831590940516,77222.33333333333,304827.3333333333,5997272602013628.0,27725912561112.176
106,aime_Qwen3-4B_S1,8,8,2,3,60,0.16666666666666666,0.5328029168780976,84468.33333333333,168092.0,3878503928005066.0,19257497366991.645
107,aime_Qwen3-4B_S4,4,16,4,3,60,0.2833333333333333,0.7067959202651474,75201.0,1087114.6666666667,1.4081807252772122e+16,48778123177164.79
108,aime_Qwen3-4B_S2,4,16,4,3,60,0.21666666666666667,0.6529244571802671,77576.66666666667,596565.6666666666,8392144473449879.0,33378795109868.09
109,aime_Qwen3-4B_S1,4,16,4,3,60,0.15,0.5796139740306095,86030.0,346207.3333333333,5625021661203115.0,24363779551644.44
110,aime_Qwen3-4B_S2,2,32,4,3,60,0.18333333333333332,0.671989550038535,75235.33333333333,581300.6666666666,1.0077198854988536e+16,34820749460957.863
111,aime_Qwen3-4B_S1,2,32,4,3,60,0.14444444444444446,0.6138868570766648,74395.66666666667,298244.3333333333,5942996877185189.0,23333125518165.332
112,aime_Qwen3-4B_S1,1,64,4,3,60,0.13333333333333333,0.6333694691045452,75147.0,300670.0,8295774618572732.0,27412273572326.395
113,aime_Qwen3-1.7B_S64,64,1,1,3,60,0.10000000000000002,0.4855318670576089,48441.666666666664,1905968.3333333333,5938622900678780.0,21573289931528.535
114,aime_Qwen3-1.7B_S32,64,1,1,3,60,0.06666666666666667,0.4434324503007376,42944.333333333336,998601.3333333334,3697394349016286.0,15508847418574.225
115,aime_Qwen3-1.7B_S16,64,1,1,3,60,0.061111111111111116,0.40624994835838435,42792.333333333336,511378.3333333333,2418697925413125.5,11276065409618.49
116,aime_Qwen3-1.7B_S8,64,1,1,3,60,0.03333333333333333,0.3443299517451637,40324.0,263485.0,1604780814688118.0,8242527635218.489
117,aime_Qwen3-1.7B_S4,64,1,1,3,60,0.022222222222222223,0.2729074996725278,34370.0,131689.66666666666,1036979740207776.6,5662233032382.578
118,aime_Qwen3-1.7B_S2,64,1,1,3,60,0.022222222222222223,0.22138668062733333,33214.0,66130.33333333333,662540074396470.0,3754075619013.689
119,aime_Qwen3-1.7B_S1,64,1,1,3,60,0.011111111111111112,0.17827721016422912,31505.666666666668,31505.666666666668,382363903492798.56,2241541299170.1333
120,aime_Qwen3-1.7B_S32,32,2,1,3,60,0.21666666666666667,0.6909849894851999,64996.666666666664,1830992.3333333333,1.1030395232515456e+16,33824719616307.2
121,aime_Qwen3-1.7B_S16,32,2,1,3,60,0.20000000000000004,0.6515365842227854,66943.0,931364.0,6720715315253821.0,24735085007937.42
122,aime_Qwen3-1.7B_S8,32,2,1,3,60,0.1611111111111111,0.6132253194924797,65761.33333333333,490551.3333333333,4251614608948014.5,18051996071802.31
123,aime_Qwen3-1.7B_S4,32,2,1,3,60,0.12777777777777777,0.5376852003178368,66222.0,259005.33333333334,2760869564480523.5,13036919571956.623
124,aime_Qwen3-1.7B_S2,32,2,1,3,60,0.05555555555555556,0.47054590947727776,69251.33333333333,133268.66666666666,1778242541931490.0,8993735211138.844
125,aime_Qwen3-1.7B_S1,32,2,1,3,60,0.03888888888888889,0.36038465100523515,67849.33333333333,67849.33333333333,1092449844021421.5,5883266013124.267
126,aime_Qwen3-1.7B_S16,16,4,2,3,60,0.2333333333333333,0.7177371730138092,69249.0,1838450.3333333333,1.0491811313298082e+16,30618268658939.734
127,aime_Qwen3-1.7B_S8,16,4,2,3,60,0.18888888888888888,0.6680320116969142,69265.0,952603.0,6253663319844844.0,22145714245331.91
128,aime_Qwen3-1.7B_S4,16,4,2,3,60,0.15555555555555556,0.6187670668571382,71054.0,510274.3333333333,4128237556527028.5,16758703413799.822
129,aime_Qwen3-1.7B_S2,16,4,2,3,60,0.13888888888888887,0.5623721853996194,73381.0,268394.3333333333,2599331385196184.0,11788665099625.244
130,aime_Qwen3-1.7B_S1,16,4,2,3,60,0.07777777777777778,0.48473878075350174,67069.0,133557.0,1513426634639210.8,7530572158372.978
131,aime_Qwen3-1.7B_S8,8,8,2,3,60,0.20000000000000004,0.6717525506318737,79162.0,1239531.0,1.317335020515769e+16,34359279768844.8
132,aime_Qwen3-1.7B_S4,8,8,2,3,60,0.14444444444444446,0.638728994526654,79384.33333333333,647788.6666666666,7511528820756999.0,23809870492710.402
133,aime_Qwen3-1.7B_S2,8,8,2,3,60,0.12777777777777777,0.5710000951789082,84050.33333333333,347519.0,4624825785794875.0,16739828052425.955
134,aime_Qwen3-1.7B_S1,8,8,2,3,60,0.07777777777777778,0.4509696758836417,84734.66666666667,169707.66666666666,2581123572227429.5,10486495109479.822
135,aime_Qwen3-1.7B_S4,4,16,4,3,60,0.15,0.7285987343113643,63367.0,933840.6666666666,7971264838342460.0,22837047112499.2
136,aime_Qwen3-1.7B_S2,4,16,4,3,60,0.12222222222222223,0.6751590712353973,62666.333333333336,497901.0,4827512348637917.0,16249426260211.201
137,aime_Qwen3-1.7B_S1,4,16,4,3,60,0.09444444444444444,0.594587998873206,63075.666666666664,252304.0,2677228881974936.5,10389476695230.578
138,aime_Qwen3-1.7B_S2,2,32,4,3,60,0.11666666666666665,0.6938059229791097,58438.333333333336,469395.3333333333,5665896302380489.0,16785356622540.803
139,aime_Qwen3-1.7B_S1,2,32,4,3,60,0.09444444444444444,0.6131640041187998,62060.333333333336,249762.33333333334,3415807384365276.0,11598374127513.6
140,aime_Qwen3-1.7B_S1,1,64,4,3,60,0.11666666666666665,0.5891129690473818,63355.0,252983.0,4764095531466850.0,12836650364010.666
141,aime_Qwen3-0.6B_S64,64,1,1,3,60,0.10000000000000002,0.42239807762765874,35814.333333333336,1558882.0,2082480066194159.0,5987506497066.667
142,aime_Qwen3-0.6B_S32,64,1,1,3,60,0.08888888888888889,0.3784386488578005,34932.333333333336,789012.6666666666,1280702248461295.0,4427054462301.867
143,aime_Qwen3-0.6B_S16,64,1,1,3,60,0.044444444444444446,0.310082669286635,32707.333333333332,416864.0,782021494971508.6,3135346542623.289
144,aime_Qwen3-0.6B_S8,64,1,1,3,60,0.05555555555555555,0.29660640331618143,32118.0,206304.66666666666,520788886824820.7,2345517424890.311
145,aime_Qwen3-0.6B_S4,64,1,1,3,60,0.016666666666666666,0.21799143969765342,30392.333333333332,105474.0,332956387244521.25,1649187383509.3333
146,aime_Qwen3-0.6B_S2,64,1,1,3,60,0.005555555555555556,0.16576748406819208,27155.0,51024.666666666664,206756518003035.0,1097492663446.7555
147,aime_Qwen3-0.6B_S1,64,1,1,3,60,0.0,0.12549467957886531,26845.0,26845.0,135200669563630.94,747473424463.6445
148,aime_Qwen3-0.6B_S32,32,2,1,3,60,0.08333333333333333,0.48150885532886417,34929.666666666664,863170.0,2407957784363597.0,6577389207611.733
149,aime_Qwen3-0.6B_S16,32,2,1,3,60,0.05555555555555556,0.42985068351905337,35720.333333333336,433589.6666666667,1406636339781248.0,4597627950190.934
150,aime_Qwen3-0.6B_S8,32,2,1,3,60,0.03888888888888889,0.37082985591351636,34541.666666666664,224277.33333333334,854865677445589.4,3299387828386.1333
151,aime_Qwen3-0.6B_S4,32,2,1,3,60,0.022222222222222223,0.3065193549307598,30441.0,110423.66666666667,510867597354481.8,2225080106097.778
152,aime_Qwen3-0.6B_S2,32,2,1,3,60,0.011111111111111112,0.2490961131946572,31472.333333333332,58898.333333333336,348625647769509.0,1596522893684.6223
153,aime_Qwen3-0.6B_S1,32,2,1,3,60,0.016666666666666666,0.183223615352352,30561.333333333332,30561.333333333332,223634953525723.0,1095960677125.689
154,aime_Qwen3-0.6B_S16,16,4,2,3,60,0.11666666666666665,0.5347167413760731,35957.666666666664,902626.0,2767931806668399.0,6729085864302.934
155,aime_Qwen3-0.6B_S8,16,4,2,3,60,0.07222222222222223,0.4868866043156335,37319.0,462836.6666666667,1552475782913049.8,4556574487028.622
156,aime_Qwen3-0.6B_S4,16,4,2,3,60,0.03333333333333333,0.40566550961620224,35922.333333333336,238877.0,909333671136384.0,3130248954746.311
157,aime_Qwen3-0.6B_S2,16,4,2,3,60,0.016666666666666666,0.3174989619774939,33487.0,121927.66666666667,565674266639499.4,2228002256810.6665
158,aime_Qwen3-0.6B_S1,16,4,2,3,60,0.03888888888888889,0.26982272846377625,30620.0,60461.333333333336,340900614109388.8,1517355839840.711
159,aime_Qwen3-0.6B_S8,8,8,2,3,60,0.10000000000000002,0.5297340816751057,33673.0,431773.0,2487100366544862.0,6006626265429.333
160,aime_Qwen3-0.6B_S4,8,8,2,3,60,0.07777777777777778,0.4683783874884219,32348.0,220113.33333333334,1293289644844199.8,3859976002568.533
161,aime_Qwen3-0.6B_S2,8,8,2,3,60,0.049999999999999996,0.404601306565604,32330.666666666668,115683.0,785744932714291.1,2660675385881.6
162,aime_Qwen3-0.6B_S1,8,8,2,3,60,0.03888888888888889,0.3425643641160347,27638.333333333332,54941.666666666664,391262544349937.8,1601461348147.2
163,aime_Qwen3-0.6B_S4,4,16,4,3,60,0.08333333333333333,0.5350035619866881,35604.0,460571.3333333333,2197560100078703.0,5388090116053.333
164,aime_Qwen3-0.6B_S2,4,16,4,3,60,0.07222222222222223,0.47715429285063166,33661.333333333336,242412.66666666666,1260263566910532.2,3646032831143.8223
165,aime_Qwen3-0.6B_S1,4,16,4,3,60,0.049999999999999996,0.4098521926840329,29219.0,114564.0,667612689198899.1,2293688631469.511
166,aime_Qwen3-0.6B_S2,2,32,4,3,60,0.06666666666666667,0.49582603186787816,30303.666666666668,215106.0,1637342060016827.8,4199890597614.933
167,aime_Qwen3-0.6B_S1,2,32,4,3,60,0.05555555555555556,0.4159865610830336,28467.333333333332,110864.33333333333,922580256065891.5,2681679495901.8667
168,aime_Qwen3-0.6B_S1,1,64,4,3,60,0.16666666666666666,0.6191187566157731,81399.0,326009.0,5456037815455787.0,9239594852292.268
